ds,Halloween,SuperBowl,sell_price,y
2011-01-29,0,0,169.98333333333332,142.5
2011-01-30,0,0,169.98333333333332,155.33333333333334
2011-01-31,0,0,169.98333333333332,98.83333333333333
2011-02-01,0,0,169.98333333333332,137.5
2011-02-02,0,0,169.98333333333332,89.66666666666667
2011-02-03,0,0,169.98333333333332,107.83333333333333
2011-02-04,0,0,169.98333333333332,110.0
2011-02-05,0,0,184.97,183.66666666666666
2011-02-06,0,1,184.97,164.33333333333334
2011-02-07,0,0,184.97,125.83333333333333
2011-02-08,0,0,184.97,104.33333333333333
2011-02-09,0,0,184.97,97.16666666666667
2011-02-10,0,0,184.97,134.0
2011-02-11,0,0,184.97,127.16666666666667
2011-02-12,0,0,192.4316666666667,164.16666666666666
2011-02-13,0,0,192.4316666666667,165.0
2011-02-14,0,0,192.4316666666667,120.0
2011-02-15,0,0,192.4316666666667,88.33333333333333
2011-02-16,0,0,192.4316666666667,103.0
2011-02-17,0,0,192.4316666666667,88.66666666666667
2011-02-18,0,0,192.4316666666667,127.0
2011-02-19,0,0,196.96333333333337,159.83333333333334
2011-02-20,0,0,196.96333333333337,155.33333333333334
2011-02-21,0,0,196.96333333333337,125.0
2011-02-22,0,0,196.96333333333337,90.33333333333333
2011-02-23,0,0,196.96333333333337,84.66666666666667
2011-02-24,0,0,196.96333333333337,93.5
2011-02-25,0,0,196.96333333333337,106.66666666666667
2011-02-26,0,0,198.34833333333336,154.0
2011-02-27,0,0,198.34833333333336,154.66666666666666
2011-02-28,0,0,198.34833333333336,93.33333333333333
2011-03-01,0,0,198.34833333333336,103.83333333333333
2011-03-02,0,0,198.34833333333336,96.33333333333333
2011-03-03,0,0,198.34833333333336,109.83333333333333
2011-03-04,0,0,198.34833333333336,117.66666666666667
2011-03-05,0,0,200.70833333333337,148.33333333333334
2011-03-06,0,0,200.70833333333337,160.16666666666666
2011-03-07,0,0,200.70833333333337,110.16666666666667
2011-03-08,0,0,200.70833333333337,94.66666666666667
2011-03-09,0,0,200.70833333333337,92.0
2011-03-10,0,0,200.70833333333337,101.66666666666667
2011-03-11,0,0,200.70833333333337,109.66666666666667
2011-03-12,0,0,208.96333333333337,122.0
2011-03-13,0,0,208.96333333333337,157.83333333333334
2011-03-14,0,0,208.96333333333337,113.16666666666667
2011-03-15,0,0,208.96333333333337,90.0
2011-03-16,0,0,208.96333333333337,96.66666666666667
2011-03-17,0,0,208.96333333333337,97.33333333333333
2011-03-18,0,0,208.96333333333337,101.33333333333333
2011-03-19,0,0,209.33500000000004,165.0
2011-03-20,0,0,209.33500000000004,152.66666666666666
2011-03-21,0,0,209.33500000000004,95.5
2011-03-22,0,0,209.33500000000004,94.0
2011-03-23,0,0,209.33500000000004,75.0
2011-03-24,0,0,209.33500000000004,80.33333333333333
2011-03-25,0,0,209.33500000000004,122.33333333333333
2011-03-26,0,0,212.11833333333337,144.5
2011-03-27,0,0,212.11833333333337,141.66666666666666
2011-03-28,0,0,212.11833333333337,104.16666666666667
2011-03-29,0,0,212.11833333333337,87.0
2011-03-30,0,0,212.11833333333337,79.0
2011-03-31,0,0,212.11833333333337,95.33333333333333
2011-04-01,0,0,212.11833333333337,122.66666666666667
2011-04-02,0,0,214.6533333333334,149.66666666666666
2011-04-03,0,0,214.6533333333334,158.83333333333334
2011-04-04,0,0,214.6533333333334,134.5
2011-04-05,0,0,214.6533333333334,108.16666666666667
2011-04-06,0,0,214.6533333333334,99.0
2011-04-07,0,0,214.6533333333334,98.5
2011-04-08,0,0,214.6533333333334,116.0
2011-04-09,0,0,217.0933333333334,149.83333333333334
2011-04-10,0,0,217.0933333333334,140.16666666666666
2011-04-11,0,0,217.0933333333334,95.5
2011-04-12,0,0,217.0933333333334,90.5
2011-04-13,0,0,217.0933333333334,74.0
2011-04-14,0,0,217.0933333333334,97.66666666666667
2011-04-15,0,0,217.0933333333334,108.83333333333333
2011-04-16,0,0,218.4383333333334,145.16666666666666
2011-04-17,0,0,218.4383333333334,144.0
2011-04-18,0,0,218.4383333333334,96.0
2011-04-19,0,0,218.4383333333334,82.33333333333333
2011-04-20,0,0,218.4383333333334,92.66666666666667
2011-04-21,0,0,218.4383333333334,100.5
2011-04-22,0,0,218.4383333333334,115.16666666666667
2011-04-23,0,0,221.03166666666672,152.5
2011-04-24,0,0,221.03166666666672,118.33333333333333
2011-04-25,0,0,221.03166666666672,100.66666666666667
2011-04-26,0,0,221.03166666666672,82.66666666666667
2011-04-27,0,0,221.03166666666672,81.66666666666667
2011-04-28,0,0,221.03166666666672,81.16666666666667
2011-04-29,0,0,221.03166666666672,113.33333333333333
2011-04-30,0,0,223.46166666666673,136.16666666666666
2011-05-01,0,0,223.46166666666673,146.0
2011-05-02,0,0,223.46166666666673,101.16666666666667
2011-05-03,0,0,223.46166666666673,104.66666666666667
2011-05-04,0,0,223.46166666666673,100.33333333333333
2011-05-05,0,0,223.46166666666673,94.16666666666667
2011-05-06,0,0,223.46166666666673,116.83333333333333
2011-05-07,0,0,228.74833333333336,137.16666666666666
2011-05-08,0,0,228.74833333333336,118.5
2011-05-09,0,0,228.74833333333336,99.16666666666667
2011-05-10,0,0,228.74833333333336,95.83333333333333
2011-05-11,0,0,228.74833333333336,89.83333333333333
2011-05-12,0,0,228.74833333333336,95.16666666666667
2011-05-13,0,0,228.74833333333336,114.16666666666667
2011-05-14,0,0,228.23000000000005,134.83333333333334
2011-05-15,0,0,228.23000000000005,158.33333333333334
2011-05-16,0,0,228.23000000000005,82.33333333333333
2011-05-17,0,0,228.23000000000005,77.16666666666667
2011-05-18,0,0,228.23000000000005,79.5
2011-05-19,0,0,228.23000000000005,93.16666666666667
2011-05-20,0,0,228.23000000000005,108.83333333333333
2011-05-21,0,0,228.10500000000005,135.66666666666666
2011-05-22,0,0,228.10500000000005,134.66666666666666
2011-05-23,0,0,228.10500000000005,85.83333333333333
2011-05-24,0,0,228.10500000000005,72.0
2011-05-25,0,0,228.10500000000005,76.5
2011-05-26,0,0,228.10500000000005,88.66666666666667
2011-05-27,0,0,228.10500000000005,111.16666666666667
2011-05-28,0,0,228.94333333333338,120.33333333333333
2011-05-29,0,0,228.94333333333338,113.33333333333333
2011-05-30,0,0,228.94333333333338,120.66666666666667
2011-05-31,0,0,228.94333333333338,92.66666666666667
2011-06-01,0,0,228.94333333333338,99.66666666666667
2011-06-02,0,0,228.94333333333338,105.66666666666667
2011-06-03,0,0,228.94333333333338,115.0
2011-06-04,0,0,230.10333333333338,142.16666666666666
2011-06-05,0,0,230.10333333333338,138.83333333333334
2011-06-06,0,0,230.10333333333338,101.33333333333333
2011-06-07,0,0,230.10333333333338,101.66666666666667
2011-06-08,0,0,230.10333333333338,105.33333333333333
2011-06-09,0,0,230.10333333333338,108.0
2011-06-10,0,0,230.10333333333338,131.5
2011-06-11,0,0,230.09666666666672,137.16666666666666
2011-06-12,0,0,230.09666666666672,145.33333333333334
2011-06-13,0,0,230.09666666666672,121.83333333333333
2011-06-14,0,0,230.09666666666672,96.33333333333333
2011-06-15,0,0,230.09666666666672,106.0
2011-06-16,0,0,230.09666666666672,104.5
2011-06-17,0,0,230.09666666666672,101.66666666666667
2011-06-18,0,0,230.4033333333334,139.0
2011-06-19,0,0,230.4033333333334,123.83333333333333
2011-06-20,0,0,230.4033333333334,102.5
2011-06-21,0,0,230.4033333333334,101.66666666666667
2011-06-22,0,0,230.4033333333334,97.33333333333333
2011-06-23,0,0,230.4033333333334,91.33333333333333
2011-06-24,0,0,230.4033333333334,110.16666666666667
2011-06-25,0,0,231.0916666666667,116.0
2011-06-26,0,0,231.0916666666667,138.66666666666666
2011-06-27,0,0,231.0916666666667,109.83333333333333
2011-06-28,0,0,231.0916666666667,75.83333333333333
2011-06-29,0,0,231.0916666666667,88.83333333333333
2011-06-30,0,0,231.0916666666667,98.16666666666667
2011-07-01,0,0,231.0916666666667,136.33333333333334
2011-07-02,0,0,231.13333333333335,138.5
2011-07-03,0,0,231.13333333333335,160.16666666666666
2011-07-04,0,0,231.13333333333335,102.5
2011-07-05,0,0,231.13333333333335,118.83333333333333
2011-07-06,0,0,231.13333333333335,114.0
2011-07-07,0,0,231.13333333333335,118.66666666666667
2011-07-08,0,0,231.13333333333335,127.5
2011-07-09,0,0,231.3983333333334,144.5
2011-07-10,0,0,231.3983333333334,155.16666666666666
2011-07-11,0,0,231.3983333333334,97.83333333333333
2011-07-12,0,0,231.3983333333334,76.83333333333333
2011-07-13,0,0,231.3983333333334,90.16666666666667
2011-07-14,0,0,231.3983333333334,92.33333333333333
2011-07-15,0,0,231.3983333333334,100.66666666666667
2011-07-16,0,0,231.6883333333334,140.5
2011-07-17,0,0,231.6883333333334,151.0
2011-07-18,0,0,231.6883333333334,112.16666666666667
2011-07-19,0,0,231.6883333333334,93.66666666666667
2011-07-20,0,0,231.6883333333334,91.33333333333333
2011-07-21,0,0,231.6883333333334,105.83333333333333
2011-07-22,0,0,231.6883333333334,126.66666666666667
2011-07-23,0,0,231.8666666666667,148.5
2011-07-24,0,0,231.8666666666667,135.33333333333334
2011-07-25,0,0,231.8666666666667,101.33333333333333
2011-07-26,0,0,231.8666666666667,80.66666666666667
2011-07-27,0,0,231.8666666666667,84.83333333333333
2011-07-28,0,0,231.8666666666667,98.5
2011-07-29,0,0,231.8666666666667,122.5
2011-07-30,0,0,234.02500000000006,129.5
2011-07-31,0,0,234.02500000000006,139.5
2011-08-01,0,0,234.02500000000006,113.66666666666667
2011-08-02,0,0,234.02500000000006,107.83333333333333
2011-08-03,0,0,234.02500000000006,109.0
2011-08-04,0,0,234.02500000000006,113.33333333333333
2011-08-05,0,0,234.02500000000006,125.83333333333333
2011-08-06,0,0,235.32166666666674,137.16666666666666
2011-08-07,0,0,235.32166666666674,145.83333333333334
2011-08-08,0,0,235.32166666666674,127.16666666666667
2011-08-09,0,0,235.32166666666674,109.83333333333333
2011-08-10,0,0,235.32166666666674,102.83333333333333
2011-08-11,0,0,235.32166666666674,100.0
2011-08-12,0,0,235.32166666666674,132.33333333333334
2011-08-13,0,0,235.54166666666674,145.66666666666666
2011-08-14,0,0,235.54166666666674,164.83333333333334
2011-08-15,0,0,235.54166666666674,117.33333333333333
2011-08-16,0,0,235.54166666666674,107.16666666666667
2011-08-17,0,0,235.54166666666674,98.66666666666667
2011-08-18,0,0,235.54166666666674,98.33333333333333
2011-08-19,0,0,235.54166666666674,107.5
2011-08-20,0,0,235.5983333333334,144.16666666666666
2011-08-21,0,0,235.5983333333334,168.0
2011-08-22,0,0,235.5983333333334,110.33333333333333
2011-08-23,0,0,235.5983333333334,92.83333333333333
2011-08-24,0,0,235.5983333333334,93.83333333333333
2011-08-25,0,0,235.5983333333334,85.83333333333333
2011-08-26,0,0,235.5983333333334,105.33333333333333
2011-08-27,0,0,237.34166666666673,142.66666666666666
2011-08-28,0,0,237.34166666666673,153.66666666666666
2011-08-29,0,0,237.34166666666673,93.83333333333333
2011-08-30,0,0,237.34166666666673,82.33333333333333
2011-08-31,0,0,237.34166666666673,85.5
2011-09-01,0,0,237.34166666666673,100.83333333333333
2011-09-02,0,0,237.34166666666673,107.33333333333333
2011-09-03,0,0,239.66166666666672,146.83333333333334
2011-09-04,0,0,239.66166666666672,141.16666666666666
2011-09-05,0,0,239.66166666666672,125.66666666666667
2011-09-06,0,0,239.66166666666672,108.83333333333333
2011-09-07,0,0,239.66166666666672,98.66666666666667
2011-09-08,0,0,239.66166666666672,114.16666666666667
2011-09-09,0,0,239.66166666666672,130.66666666666666
2011-09-10,0,0,239.37500000000009,146.83333333333334
2011-09-11,0,0,239.37500000000009,156.66666666666666
2011-09-12,0,0,239.37500000000009,108.33333333333333
2011-09-13,0,0,239.37500000000009,90.5
2011-09-14,0,0,239.37500000000009,94.83333333333333
2011-09-15,0,0,239.37500000000009,103.83333333333333
2011-09-16,0,0,239.37500000000009,119.16666666666667
2011-09-17,0,0,243.86833333333342,130.5
2011-09-18,0,0,243.86833333333342,151.83333333333334
2011-09-19,0,0,243.86833333333342,107.16666666666667
2011-09-20,0,0,243.86833333333342,88.5
2011-09-21,0,0,243.86833333333342,101.33333333333333
2011-09-22,0,0,243.86833333333342,90.33333333333333
2011-09-23,0,0,243.86833333333342,150.33333333333334
2011-09-24,0,0,245.96500000000006,148.0
2011-09-25,0,0,245.96500000000006,161.5
2011-09-26,0,0,245.96500000000006,107.33333333333333
2011-09-27,0,0,245.96500000000006,97.33333333333333
2011-09-28,0,0,245.96500000000006,104.66666666666667
2011-09-29,0,0,245.96500000000006,92.5
2011-09-30,0,0,245.96500000000006,140.33333333333334
2011-10-01,0,0,246.9483333333334,186.5
2011-10-02,0,0,246.9483333333334,193.16666666666666
2011-10-03,0,0,246.9483333333334,120.83333333333333
2011-10-04,0,0,246.9483333333334,111.0
2011-10-05,0,0,246.9483333333334,110.33333333333333
2011-10-06,0,0,246.9483333333334,102.0
2011-10-07,0,0,246.9483333333334,133.66666666666666
2011-10-08,0,0,246.90333333333342,174.16666666666666
2011-10-09,0,0,246.90333333333342,171.5
2011-10-10,0,0,246.90333333333342,134.5
2011-10-11,0,0,246.90333333333342,105.66666666666667
2011-10-12,0,0,246.90333333333342,99.66666666666667
2011-10-13,0,0,246.90333333333342,114.66666666666667
2011-10-14,0,0,246.90333333333342,132.16666666666666
2011-10-15,0,0,247.1333333333334,162.83333333333334
2011-10-16,0,0,247.1333333333334,171.33333333333334
2011-10-17,0,0,247.1333333333334,112.5
2011-10-18,0,0,247.1333333333334,89.66666666666667
2011-10-19,0,0,247.1333333333334,93.5
2011-10-20,0,0,247.1333333333334,100.5
2011-10-21,0,0,247.1333333333334,147.66666666666666
2011-10-22,0,0,250.43000000000006,158.83333333333334
2011-10-23,0,0,250.43000000000006,161.16666666666666
2011-10-24,0,0,250.43000000000006,96.83333333333333
2011-10-25,0,0,250.43000000000006,92.5
2011-10-26,0,0,250.43000000000006,92.33333333333333
2011-10-27,0,0,250.43000000000006,90.83333333333333
2011-10-28,0,0,250.43000000000006,113.83333333333333
2011-10-29,0,0,250.42833333333343,146.16666666666666
2011-10-30,0,0,250.42833333333343,180.16666666666666
2011-10-31,1,0,250.42833333333343,102.83333333333333
2011-11-01,0,0,250.42833333333343,87.0
2011-11-02,0,0,250.42833333333343,110.33333333333333
2011-11-03,0,0,250.42833333333343,100.83333333333333
2011-11-04,0,0,250.42833333333343,134.83333333333334
2011-11-05,0,0,250.16500000000008,168.66666666666666
2011-11-06,0,0,250.16500000000008,174.66666666666666
2011-11-07,0,0,250.16500000000008,142.16666666666666
2011-11-08,0,0,250.16500000000008,120.16666666666667
2011-11-09,0,0,250.16500000000008,101.83333333333333
2011-11-10,0,0,250.16500000000008,119.16666666666667
2011-11-11,0,0,250.16500000000008,132.16666666666666
2011-11-12,0,0,249.80166666666673,155.83333333333334
2011-11-13,0,0,249.80166666666673,149.83333333333334
2011-11-14,0,0,249.80166666666673,114.66666666666667
2011-11-15,0,0,249.80166666666673,86.83333333333333
2011-11-16,0,0,249.80166666666673,93.16666666666667
2011-11-17,0,0,249.80166666666673,94.83333333333333
2011-11-18,0,0,249.80166666666673,125.0
2011-11-19,0,0,249.83500000000006,175.5
2011-11-20,0,0,249.83500000000006,163.66666666666666
2011-11-21,0,0,249.83500000000006,119.83333333333333
2011-11-22,0,0,249.83500000000006,129.33333333333334
2011-11-23,0,0,249.83500000000006,123.83333333333333
2011-11-24,0,0,249.83500000000006,63.666666666666664
2011-11-25,0,0,249.83500000000006,117.83333333333333
2011-11-26,0,0,250.66833333333344,113.5
2011-11-27,0,0,250.66833333333344,131.83333333333334
2011-11-28,0,0,250.66833333333344,95.33333333333333
2011-11-29,0,0,250.66833333333344,84.66666666666667
2011-11-30,0,0,250.66833333333344,91.16666666666667
2011-12-01,0,0,250.66833333333344,99.16666666666667
2011-12-02,0,0,250.66833333333344,127.83333333333333
2011-12-03,0,0,250.81666666666675,178.33333333333334
2011-12-04,0,0,250.81666666666675,175.5
2011-12-05,0,0,250.81666666666675,124.83333333333333
2011-12-06,0,0,250.81666666666675,113.5
2011-12-07,0,0,250.81666666666675,96.66666666666667
2011-12-08,0,0,250.81666666666675,116.16666666666667
2011-12-09,0,0,250.81666666666675,129.0
2011-12-10,0,0,250.55666666666676,179.33333333333334
2011-12-11,0,0,250.55666666666676,156.66666666666666
2011-12-12,0,0,250.55666666666676,120.16666666666667
2011-12-13,0,0,250.55666666666676,108.66666666666667
2011-12-14,0,0,250.55666666666676,102.0
2011-12-15,0,0,250.55666666666676,106.66666666666667
2011-12-16,0,0,250.55666666666676,115.5
2011-12-17,0,0,250.74333333333342,186.66666666666666
2011-12-18,0,0,250.74333333333342,159.33333333333334
2011-12-19,0,0,250.74333333333342,123.33333333333333
2011-12-20,0,0,250.74333333333342,117.66666666666667
2011-12-21,0,0,250.74333333333342,127.0
2011-12-22,0,0,250.74333333333342,133.5
2011-12-23,0,0,250.74333333333342,159.66666666666666
2011-12-24,0,0,250.66666666666674,122.66666666666667
2011-12-25,0,0,250.66666666666674,1.0
2011-12-26,0,0,250.66666666666674,117.33333333333333
2011-12-27,0,0,250.66666666666674,100.83333333333333
2011-12-28,0,0,250.66666666666674,110.83333333333333
2011-12-29,0,0,250.66666666666674,107.0
2011-12-30,0,0,250.66666666666674,159.16666666666666
2011-12-31,0,0,252.2900000000001,136.83333333333334
2012-01-01,0,0,252.2900000000001,94.83333333333333
2012-01-02,0,0,252.2900000000001,120.5
2012-01-03,0,0,252.2900000000001,92.66666666666667
2012-01-04,0,0,252.2900000000001,98.66666666666667
2012-01-05,0,0,252.2900000000001,112.16666666666667
2012-01-06,0,0,252.2900000000001,132.33333333333334
2012-01-07,0,0,252.79333333333344,148.5
2012-01-08,0,0,252.79333333333344,145.33333333333334
2012-01-09,0,0,252.79333333333344,127.33333333333333
2012-01-10,0,0,252.79333333333344,97.66666666666667
2012-01-11,0,0,252.79333333333344,102.83333333333333
2012-01-12,0,0,252.79333333333344,90.66666666666667
2012-01-13,0,0,252.79333333333344,111.66666666666667
2012-01-14,0,0,252.9850000000001,142.0
2012-01-15,0,0,252.9850000000001,139.33333333333334
2012-01-16,0,0,252.9850000000001,125.16666666666667
2012-01-17,0,0,252.9850000000001,92.66666666666667
2012-01-18,0,0,252.9850000000001,88.33333333333333
2012-01-19,0,0,252.9850000000001,88.33333333333333
2012-01-20,0,0,252.9850000000001,108.16666666666667
2012-01-21,0,0,253.53666666666678,173.0
2012-01-22,0,0,253.53666666666678,129.16666666666666
2012-01-23,0,0,253.53666666666678,92.16666666666667
2012-01-24,0,0,253.53666666666678,84.83333333333333
2012-01-25,0,0,253.53666666666678,85.0
2012-01-26,0,0,253.53666666666678,101.83333333333333
2012-01-27,0,0,253.53666666666678,124.16666666666667
2012-01-28,0,0,257.78166666666675,155.0
2012-01-29,0,0,257.78166666666675,158.0
2012-01-30,0,0,257.78166666666675,105.83333333333333
2012-01-31,0,0,257.78166666666675,104.16666666666667
2012-02-01,0,0,257.78166666666675,110.5
2012-02-02,0,0,257.78166666666675,125.33333333333333
2012-02-03,0,0,257.78166666666675,155.33333333333334
2012-02-04,0,0,259.1716666666668,204.83333333333334
2012-02-05,0,1,259.1716666666668,178.5
2012-02-06,0,0,259.1716666666668,141.16666666666666
2012-02-07,0,0,259.1716666666668,121.66666666666667
2012-02-08,0,0,259.1716666666668,119.33333333333333
2012-02-09,0,0,259.1716666666668,121.16666666666667
2012-02-10,0,0,259.1716666666668,142.33333333333334
2012-02-11,0,0,261.4633333333334,217.0
2012-02-12,0,0,261.4633333333334,193.66666666666666
2012-02-13,0,0,261.4633333333334,141.66666666666666
2012-02-14,0,0,261.4633333333334,92.66666666666667
2012-02-15,0,0,261.4633333333334,100.83333333333333
2012-02-16,0,0,261.4633333333334,96.5
2012-02-17,0,0,261.4633333333334,129.33333333333334
2012-02-18,0,0,262.31500000000005,193.0
2012-02-19,0,0,262.31500000000005,189.5
2012-02-20,0,0,262.31500000000005,135.33333333333334
2012-02-21,0,0,262.31500000000005,111.5
2012-02-22,0,0,262.31500000000005,111.83333333333333
2012-02-23,0,0,262.31500000000005,96.83333333333333
2012-02-24,0,0,262.31500000000005,146.66666666666666
2012-02-25,0,0,262.9300000000001,175.83333333333334
2012-02-26,0,0,262.9300000000001,178.16666666666666
2012-02-27,0,0,262.9300000000001,116.5
2012-02-28,0,0,262.9300000000001,101.5
2012-02-29,0,0,262.9300000000001,108.33333333333333
2012-03-01,0,0,262.9300000000001,126.16666666666667
2012-03-02,0,0,262.9300000000001,156.5
2012-03-03,0,0,264.9466666666668,199.33333333333334
2012-03-04,0,0,264.9466666666668,210.16666666666666
2012-03-05,0,0,264.9466666666668,138.33333333333334
2012-03-06,0,0,264.9466666666668,124.33333333333333
2012-03-07,0,0,264.9466666666668,137.66666666666666
2012-03-08,0,0,264.9466666666668,135.0
2012-03-09,0,0,264.9466666666668,145.5
2012-03-10,0,0,268.7266666666668,201.0
2012-03-11,0,0,268.7266666666668,215.16666666666666
2012-03-12,0,0,268.7266666666668,143.0
2012-03-13,0,0,268.7266666666668,100.33333333333333
2012-03-14,0,0,268.7266666666668,104.66666666666667
2012-03-15,0,0,268.7266666666668,120.33333333333333
2012-03-16,0,0,268.7266666666668,143.0
2012-03-17,0,0,270.1966666666668,192.5
2012-03-18,0,0,270.1966666666668,174.16666666666666
2012-03-19,0,0,270.1966666666668,131.5
2012-03-20,0,0,270.1966666666668,99.16666666666667
2012-03-21,0,0,270.1966666666668,96.5
2012-03-22,0,0,270.1966666666668,121.16666666666667
2012-03-23,0,0,270.1966666666668,135.5
2012-03-24,0,0,269.9766666666668,197.16666666666666
2012-03-25,0,0,269.9766666666668,211.66666666666666
2012-03-26,0,0,269.9766666666668,130.83333333333334
2012-03-27,0,0,269.9766666666668,110.66666666666667
2012-03-28,0,0,269.9766666666668,119.66666666666667
2012-03-29,0,0,269.9766666666668,115.83333333333333
2012-03-30,0,0,269.9766666666668,152.16666666666666
2012-03-31,0,0,269.8333333333335,191.83333333333334
2012-04-01,0,0,269.8333333333335,204.0
2012-04-02,0,0,269.8333333333335,145.66666666666666
2012-04-03,0,0,269.8333333333335,143.0
2012-04-04,0,0,269.8333333333335,131.0
2012-04-05,0,0,269.8333333333335,136.5
2012-04-06,0,0,269.8333333333335,196.5
2012-04-07,0,0,269.86333333333346,234.83333333333334
2012-04-08,0,0,269.86333333333346,157.66666666666666
2012-04-09,0,0,269.86333333333346,146.33333333333334
2012-04-10,0,0,269.86333333333346,137.5
2012-04-11,0,0,269.86333333333346,127.83333333333333
2012-04-12,0,0,269.86333333333346,129.33333333333334
2012-04-13,0,0,269.86333333333346,160.83333333333334
2012-04-14,0,0,269.9116666666668,209.0
2012-04-15,0,0,269.9116666666668,193.66666666666666
2012-04-16,0,0,269.9116666666668,123.0
2012-04-17,0,0,269.9116666666668,111.0
2012-04-18,0,0,269.9116666666668,123.83333333333333
2012-04-19,0,0,269.9116666666668,118.5
2012-04-20,0,0,269.9116666666668,161.83333333333334
2012-04-21,0,0,270.8233333333335,200.5
2012-04-22,0,0,270.8233333333335,205.66666666666666
2012-04-23,0,0,270.8233333333335,121.16666666666667
2012-04-24,0,0,270.8233333333335,124.33333333333333
2012-04-25,0,0,270.8233333333335,108.5
2012-04-26,0,0,270.8233333333335,111.5
2012-04-27,0,0,270.8233333333335,143.66666666666666
2012-04-28,0,0,270.7266666666668,185.33333333333334
2012-04-29,0,0,270.7266666666668,181.5
2012-04-30,0,0,270.7266666666668,132.33333333333334
2012-05-01,0,0,270.7266666666668,130.5
2012-05-02,0,0,270.7266666666668,112.33333333333333
2012-05-03,0,0,270.7266666666668,158.83333333333334
2012-05-04,0,0,270.7266666666668,165.16666666666666
2012-05-05,0,0,271.2733333333335,174.5
2012-05-06,0,0,271.2733333333335,209.5
2012-05-07,0,0,271.2733333333335,146.33333333333334
2012-05-08,0,0,271.2733333333335,139.0
2012-05-09,0,0,271.2733333333335,139.33333333333334
2012-05-10,0,0,271.2733333333335,133.33333333333334
2012-05-11,0,0,271.2733333333335,168.83333333333334
2012-05-12,0,0,272.9300000000001,203.16666666666666
2012-05-13,0,0,272.9300000000001,164.16666666666666
2012-05-14,0,0,272.9300000000001,127.33333333333333
2012-05-15,0,0,272.9300000000001,142.83333333333334
2012-05-16,0,0,272.9300000000001,126.16666666666667
2012-05-17,0,0,272.9300000000001,130.33333333333334
2012-05-18,0,0,272.9300000000001,159.16666666666666
2012-05-19,0,0,272.9633333333335,198.66666666666666
2012-05-20,0,0,272.9633333333335,216.33333333333334
2012-05-21,0,0,272.9633333333335,132.0
2012-05-22,0,0,272.9633333333335,106.16666666666667
2012-05-23,0,0,272.9633333333335,103.0
2012-05-24,0,0,272.9633333333335,129.33333333333334
2012-05-25,0,0,272.9633333333335,147.33333333333334
2012-05-26,0,0,272.6333333333335,167.33333333333334
2012-05-27,0,0,272.6333333333335,170.83333333333334
2012-05-28,0,0,272.6333333333335,165.66666666666666
2012-05-29,0,0,272.6333333333335,123.83333333333333
2012-05-30,0,0,272.6333333333335,114.66666666666667
2012-05-31,0,0,272.6333333333335,136.5
2012-06-01,0,0,272.6333333333335,162.0
2012-06-02,0,0,273.83000000000015,203.16666666666666
2012-06-03,0,0,273.83000000000015,182.0
2012-06-04,0,0,273.83000000000015,136.0
2012-06-05,0,0,273.83000000000015,122.83333333333333
2012-06-06,0,0,273.83000000000015,114.66666666666667
2012-06-07,0,0,273.83000000000015,127.66666666666667
2012-06-08,0,0,273.83000000000015,173.5
2012-06-09,0,0,273.7633333333335,193.83333333333334
2012-06-10,0,0,273.7633333333335,213.66666666666666
2012-06-11,0,0,273.7633333333335,155.0
2012-06-12,0,0,273.7633333333335,139.66666666666666
2012-06-13,0,0,273.7633333333335,138.16666666666666
2012-06-14,0,0,273.7633333333335,136.16666666666666
2012-06-15,0,0,273.7633333333335,168.16666666666666
2012-06-16,0,0,274.0416666666668,208.66666666666666
2012-06-17,0,0,274.0416666666668,170.0
2012-06-18,0,0,274.0416666666668,142.33333333333334
2012-06-19,0,0,274.0416666666668,125.66666666666667
2012-06-20,0,0,274.0416666666668,119.83333333333333
2012-06-21,0,0,274.0416666666668,127.83333333333333
2012-06-22,0,0,274.0416666666668,151.83333333333334
2012-06-23,0,0,274.04000000000013,166.5
2012-06-24,0,0,274.04000000000013,178.16666666666666
2012-06-25,0,0,274.04000000000013,135.33333333333334
2012-06-26,0,0,274.04000000000013,118.5
2012-06-27,0,0,274.04000000000013,107.16666666666667
2012-06-28,0,0,274.04000000000013,115.0
2012-06-29,0,0,274.04000000000013,158.0
2012-06-30,0,0,274.2016666666668,202.16666666666666
2012-07-01,0,0,274.2016666666668,201.83333333333334
2012-07-02,0,0,274.2016666666668,158.5
2012-07-03,0,0,274.2016666666668,158.66666666666666
2012-07-04,0,0,274.2016666666668,139.33333333333334
2012-07-05,0,0,274.2016666666668,130.16666666666666
2012-07-06,0,0,274.2016666666668,171.16666666666666
2012-07-07,0,0,277.3966666666668,176.83333333333334
2012-07-08,0,0,277.3966666666668,179.83333333333334
2012-07-09,0,0,277.3966666666668,149.16666666666666
2012-07-10,0,0,277.3966666666668,134.0
2012-07-11,0,0,277.3966666666668,143.5
2012-07-12,0,0,277.3966666666668,151.5
2012-07-13,0,0,277.3966666666668,175.66666666666666
2012-07-14,0,0,277.91000000000014,185.33333333333334
2012-07-15,0,0,277.91000000000014,199.83333333333334
2012-07-16,0,0,277.91000000000014,134.66666666666666
2012-07-17,0,0,277.91000000000014,128.33333333333334
2012-07-18,0,0,277.91000000000014,117.5
2012-07-19,0,0,277.91000000000014,131.66666666666666
2012-07-20,0,0,277.91000000000014,150.5
2012-07-21,0,0,278.44333333333344,181.33333333333334
2012-07-22,0,0,278.44333333333344,189.0
2012-07-23,0,0,278.44333333333344,127.66666666666667
2012-07-24,0,0,278.44333333333344,131.0
2012-07-25,0,0,278.44333333333344,117.0
2012-07-26,0,0,278.44333333333344,119.0
2012-07-27,0,0,278.44333333333344,138.5
2012-07-28,0,0,278.3250000000001,149.66666666666666
2012-07-29,0,0,278.3250000000001,162.0
2012-07-30,0,0,278.3250000000001,126.83333333333333
2012-07-31,0,0,278.3250000000001,128.83333333333334
2012-08-01,0,0,278.3250000000001,147.16666666666666
2012-08-02,0,0,278.3250000000001,143.83333333333334
2012-08-03,0,0,278.3250000000001,145.83333333333334
2012-08-04,0,0,278.7166666666668,179.66666666666666
2012-08-05,0,0,278.7166666666668,200.66666666666666
2012-08-06,0,0,278.7166666666668,161.5
2012-08-07,0,0,278.7166666666668,131.66666666666666
2012-08-08,0,0,278.7166666666668,142.83333333333334
2012-08-09,0,0,278.7166666666668,138.66666666666666
2012-08-10,0,0,278.7166666666668,164.83333333333334
2012-08-11,0,0,278.3866666666668,199.66666666666666
2012-08-12,0,0,278.3866666666668,208.66666666666666
2012-08-13,0,0,278.3866666666668,138.0
2012-08-14,0,0,278.3866666666668,132.83333333333334
2012-08-15,0,0,278.3866666666668,136.33333333333334
2012-08-16,0,0,278.3866666666668,139.33333333333334
2012-08-17,0,0,278.3866666666668,142.66666666666666
2012-08-18,0,0,278.3866666666668,205.83333333333334
2012-08-19,0,0,278.3866666666668,224.83333333333334
2012-08-20,0,0,278.3866666666668,132.66666666666666
2012-08-21,0,0,278.3866666666668,127.66666666666667
2012-08-22,0,0,278.3866666666668,120.33333333333333
2012-08-23,0,0,278.3866666666668,126.66666666666667
2012-08-24,0,0,278.3866666666668,150.0
2012-08-25,0,0,278.41833333333346,184.16666666666666
2012-08-26,0,0,278.41833333333346,183.66666666666666
2012-08-27,0,0,278.41833333333346,133.0
2012-08-28,0,0,278.41833333333346,114.0
2012-08-29,0,0,278.41833333333346,115.33333333333333
2012-08-30,0,0,278.41833333333346,123.66666666666667
2012-08-31,0,0,278.41833333333346,149.0
2012-09-01,0,0,278.86166666666685,215.66666666666666
2012-09-02,0,0,278.86166666666685,214.66666666666666
2012-09-03,0,0,278.86166666666685,198.0
2012-09-04,0,0,278.86166666666685,138.0
2012-09-05,0,0,278.86166666666685,119.33333333333333
2012-09-06,0,0,278.86166666666685,109.83333333333333
2012-09-07,0,0,278.86166666666685,135.83333333333334
2012-09-08,0,0,278.8783333333335,190.16666666666666
2012-09-09,0,0,278.8783333333335,210.83333333333334
2012-09-10,0,0,278.8783333333335,123.33333333333333
2012-09-11,0,0,278.8783333333335,128.5
2012-09-12,0,0,278.8783333333335,122.33333333333333
2012-09-13,0,0,278.8783333333335,117.0
2012-09-14,0,0,278.8783333333335,153.83333333333334
2012-09-15,0,0,278.8616666666668,196.66666666666666
2012-09-16,0,0,278.8616666666668,197.66666666666666
2012-09-17,0,0,278.8616666666668,117.0
2012-09-18,0,0,278.8616666666668,108.33333333333333
2012-09-19,0,0,278.8616666666668,107.33333333333333
2012-09-20,0,0,278.8616666666668,115.5
2012-09-21,0,0,278.8616666666668,131.16666666666666
2012-09-22,0,0,278.8766666666668,194.0
2012-09-23,0,0,278.8766666666668,187.0
2012-09-24,0,0,278.8766666666668,116.33333333333333
2012-09-25,0,0,278.8766666666668,107.5
2012-09-26,0,0,278.8766666666668,108.0
2012-09-27,0,0,278.8766666666668,106.0
2012-09-28,0,0,278.8766666666668,144.33333333333334
2012-09-29,0,0,278.91833333333346,195.33333333333334
2012-09-30,0,0,278.91833333333346,200.5
2012-10-01,0,0,278.91833333333346,142.83333333333334
2012-10-02,0,0,278.91833333333346,133.66666666666666
2012-10-03,0,0,278.91833333333346,127.33333333333333
2012-10-04,0,0,278.91833333333346,117.16666666666667
2012-10-05,0,0,278.91833333333346,127.5
2012-10-06,0,0,278.84833333333347,186.0
2012-10-07,0,0,278.84833333333347,188.33333333333334
2012-10-08,0,0,278.84833333333347,141.83333333333334
2012-10-09,0,0,278.84833333333347,122.66666666666667
2012-10-10,0,0,278.84833333333347,110.16666666666667
2012-10-11,0,0,278.84833333333347,103.5
2012-10-12,0,0,278.84833333333347,128.5
2012-10-13,0,0,279.1483333333335,160.33333333333334
2012-10-14,0,0,279.1483333333335,155.5
2012-10-15,0,0,279.1483333333335,104.33333333333333
2012-10-16,0,0,279.1483333333335,103.66666666666667
2012-10-17,0,0,279.1483333333335,98.83333333333333
2012-10-18,0,0,279.1483333333335,88.5
2012-10-19,0,0,279.1483333333335,115.33333333333333
2012-10-20,0,0,279.37666666666684,144.33333333333334
2012-10-21,0,0,279.37666666666684,161.33333333333334
2012-10-22,0,0,279.37666666666684,106.0
2012-10-23,0,0,279.37666666666684,98.83333333333333
2012-10-24,0,0,279.37666666666684,91.33333333333333
2012-10-25,0,0,279.37666666666684,99.66666666666667
2012-10-26,0,0,279.37666666666684,110.0
2012-10-27,0,0,279.56833333333344,158.33333333333334
2012-10-28,0,0,279.56833333333344,152.66666666666666
2012-10-29,0,0,279.56833333333344,106.66666666666667
2012-10-30,0,0,279.56833333333344,109.66666666666667
2012-10-31,1,0,279.56833333333344,79.0
2012-11-01,0,0,279.56833333333344,112.5
2012-11-02,0,0,279.56833333333344,136.66666666666666
2012-11-03,0,0,279.1866666666668,176.33333333333334
2012-11-04,0,0,279.1866666666668,183.83333333333334
2012-11-05,0,0,279.1866666666668,115.5
2012-11-06,0,0,279.1866666666668,109.33333333333333
2012-11-07,0,0,279.1866666666668,114.0
2012-11-08,0,0,279.1866666666668,105.16666666666667
2012-11-09,0,0,279.1866666666668,135.66666666666666
2012-11-10,0,0,279.12500000000006,172.5
2012-11-11,0,0,279.12500000000006,167.5
2012-11-12,0,0,279.12500000000006,121.33333333333333
2012-11-13,0,0,279.12500000000006,94.0
2012-11-14,0,0,279.12500000000006,88.5
2012-11-15,0,0,279.12500000000006,108.83333333333333
2012-11-16,0,0,279.12500000000006,128.5
2012-11-17,0,0,279.10166666666674,173.83333333333334
2012-11-18,0,0,279.10166666666674,157.16666666666666
2012-11-19,0,0,279.10166666666674,114.0
2012-11-20,0,0,279.10166666666674,123.83333333333333
2012-11-21,0,0,279.10166666666674,122.33333333333333
2012-11-22,0,0,279.10166666666674,66.0
2012-11-23,0,0,279.10166666666674,106.5
2012-11-24,0,0,279.4300000000001,131.33333333333334
2012-11-25,0,0,279.4300000000001,135.33333333333334
2012-11-26,0,0,279.4300000000001,102.16666666666667
2012-11-27,0,0,279.4300000000001,91.16666666666667
2012-11-28,0,0,279.4300000000001,97.0
2012-11-29,0,0,279.4300000000001,91.83333333333333
2012-11-30,0,0,279.4300000000001,108.0
2012-12-01,0,0,279.4966666666668,188.5
2012-12-02,0,0,279.4966666666668,146.0
2012-12-03,0,0,279.4966666666668,126.66666666666667
2012-12-04,0,0,279.4966666666668,100.33333333333333
2012-12-05,0,0,279.4966666666668,101.0
2012-12-06,0,0,279.4966666666668,116.83333333333333
2012-12-07,0,0,279.4966666666668,141.0
2012-12-08,0,0,279.5450000000001,172.33333333333334
2012-12-09,0,0,279.5450000000001,172.83333333333334
2012-12-10,0,0,279.5450000000001,135.16666666666666
2012-12-11,0,0,279.5450000000001,110.83333333333333
2012-12-12,0,0,279.5450000000001,100.16666666666667
2012-12-13,0,0,279.5450000000001,102.16666666666667
2012-12-14,0,0,279.5450000000001,128.0
2012-12-15,0,0,281.6533333333334,152.16666666666666
2012-12-16,0,0,281.6533333333334,159.5
2012-12-17,0,0,281.6533333333334,112.66666666666667
2012-12-18,0,0,281.6533333333334,117.5
2012-12-19,0,0,281.6533333333334,109.5
2012-12-20,0,0,281.6533333333334,115.16666666666667
2012-12-21,0,0,281.6533333333334,141.83333333333334
2012-12-22,0,0,281.49833333333345,180.0
2012-12-23,0,0,281.49833333333345,159.16666666666666
2012-12-24,0,0,281.49833333333345,124.33333333333333
2012-12-25,0,0,281.49833333333345,0.16666666666666666
2012-12-26,0,0,281.49833333333345,107.16666666666667
2012-12-27,0,0,281.49833333333345,110.66666666666667
2012-12-28,0,0,281.49833333333345,122.66666666666667
2012-12-29,0,0,282.1533333333334,137.66666666666666
2012-12-30,0,0,282.1533333333334,138.0
2012-12-31,0,0,282.1533333333334,133.5
2013-01-01,0,0,282.1533333333334,100.0
2013-01-02,0,0,282.1533333333334,122.33333333333333
2013-01-03,0,0,282.1533333333334,130.5
2013-01-04,0,0,282.1533333333334,128.5
2013-01-05,0,0,282.20166666666677,164.5
2013-01-06,0,0,282.20166666666677,155.33333333333334
2013-01-07,0,0,282.20166666666677,117.5
2013-01-08,0,0,282.20166666666677,110.83333333333333
2013-01-09,0,0,282.20166666666677,85.16666666666667
2013-01-10,0,0,282.20166666666677,110.16666666666667
2013-01-11,0,0,282.20166666666677,117.66666666666667
2013-01-12,0,0,283.7666666666668,157.66666666666666
2013-01-13,0,0,283.7666666666668,164.66666666666666
2013-01-14,0,0,283.7666666666668,98.83333333333333
2013-01-15,0,0,283.7666666666668,102.0
2013-01-16,0,0,283.7666666666668,96.5
2013-01-17,0,0,283.7666666666668,108.16666666666667
2013-01-18,0,0,283.7666666666668,127.33333333333333
2013-01-19,0,0,284.1033333333334,173.33333333333334
2013-01-20,0,0,284.1033333333334,130.16666666666666
2013-01-21,0,0,284.1033333333334,118.5
2013-01-22,0,0,284.1033333333334,80.83333333333333
2013-01-23,0,0,284.1033333333334,83.83333333333333
2013-01-24,0,0,284.1033333333334,80.66666666666667
2013-01-25,0,0,284.1033333333334,119.66666666666667
2013-01-26,0,0,285.04000000000013,177.33333333333334
2013-01-27,0,0,285.04000000000013,170.83333333333334
2013-01-28,0,0,285.04000000000013,93.16666666666667
2013-01-29,0,0,285.04000000000013,94.16666666666667
2013-01-30,0,0,285.04000000000013,95.0
2013-01-31,0,0,285.04000000000013,102.0
2013-02-01,0,0,285.04000000000013,125.66666666666667
2013-02-02,0,0,285.62500000000006,203.0
2013-02-03,0,1,285.62500000000006,115.66666666666667
2013-02-04,0,0,285.62500000000006,92.0
2013-02-05,0,0,285.62500000000006,89.33333333333333
2013-02-06,0,0,285.62500000000006,92.5
2013-02-07,0,0,285.62500000000006,106.5
2013-02-08,0,0,285.62500000000006,117.16666666666667
2013-02-09,0,0,285.69833333333344,172.16666666666666
2013-02-10,0,0,285.69833333333344,178.33333333333334
2013-02-11,0,0,285.69833333333344,121.33333333333333
2013-02-12,0,0,285.69833333333344,110.16666666666667
2013-02-13,0,0,285.69833333333344,122.33333333333333
2013-02-14,0,0,285.69833333333344,94.16666666666667
2013-02-15,0,0,285.69833333333344,129.16666666666666
2013-02-16,0,0,287.03166666666675,163.33333333333334
2013-02-17,0,0,287.03166666666675,141.16666666666666
2013-02-18,0,0,287.03166666666675,134.83333333333334
2013-02-19,0,0,287.03166666666675,91.16666666666667
2013-02-20,0,0,287.03166666666675,121.0
2013-02-21,0,0,287.03166666666675,119.33333333333333
2013-02-22,0,0,287.03166666666675,150.16666666666666
2013-02-23,0,0,288.3383333333334,178.5
2013-02-24,0,0,288.3383333333334,167.33333333333334
2013-02-25,0,0,288.3383333333334,109.5
2013-02-26,0,0,288.3383333333334,84.0
2013-02-27,0,0,288.3383333333334,90.83333333333333
2013-02-28,0,0,288.3383333333334,91.33333333333333
2013-03-01,0,0,288.3383333333334,153.66666666666666
2013-03-02,0,0,289.31333333333345,173.0
2013-03-03,0,0,289.31333333333345,173.16666666666666
2013-03-04,0,0,289.31333333333345,121.33333333333333
2013-03-05,0,0,289.31333333333345,108.0
2013-03-06,0,0,289.31333333333345,106.83333333333333
2013-03-07,0,0,289.31333333333345,103.66666666666667
2013-03-08,0,0,289.31333333333345,135.0
2013-03-09,0,0,291.8016666666668,165.0
2013-03-10,0,0,291.8016666666668,162.66666666666666
2013-03-11,0,0,291.8016666666668,121.66666666666667
2013-03-12,0,0,291.8016666666668,105.33333333333333
2013-03-13,0,0,291.8016666666668,101.66666666666667
2013-03-14,0,0,291.8016666666668,103.33333333333333
2013-03-15,0,0,291.8016666666668,140.66666666666666
2013-03-16,0,0,292.6250000000001,171.5
2013-03-17,0,0,292.6250000000001,178.16666666666666
2013-03-18,0,0,292.6250000000001,92.16666666666667
2013-03-19,0,0,292.6250000000001,96.83333333333333
2013-03-20,0,0,292.6250000000001,120.5
2013-03-21,0,0,292.6250000000001,104.66666666666667
2013-03-22,0,0,292.6250000000001,132.66666666666666
2013-03-23,0,0,293.68833333333345,169.5
2013-03-24,0,0,293.68833333333345,169.16666666666666
2013-03-25,0,0,293.68833333333345,103.83333333333333
2013-03-26,0,0,293.68833333333345,102.33333333333333
2013-03-27,0,0,293.68833333333345,97.0
2013-03-28,0,0,293.68833333333345,106.16666666666667
2013-03-29,0,0,293.68833333333345,138.0
2013-03-30,0,0,295.1950000000001,190.5
2013-03-31,0,0,295.1950000000001,155.83333333333334
2013-04-01,0,0,295.1950000000001,105.33333333333333
2013-04-02,0,0,295.1950000000001,108.66666666666667
2013-04-03,0,0,295.1950000000001,125.66666666666667
2013-04-04,0,0,295.1950000000001,114.16666666666667
2013-04-05,0,0,295.1950000000001,118.0
2013-04-06,0,0,298.1533333333334,182.83333333333334
2013-04-07,0,0,298.1533333333334,168.16666666666666
2013-04-08,0,0,298.1533333333334,115.0
2013-04-09,0,0,298.1533333333334,118.5
2013-04-10,0,0,298.1533333333334,108.0
2013-04-11,0,0,298.1533333333334,115.66666666666667
2013-04-12,0,0,298.1533333333334,113.5
2013-04-13,0,0,298.5150000000001,169.33333333333334
2013-04-14,0,0,298.5150000000001,148.83333333333334
2013-04-15,0,0,298.5150000000001,108.0
2013-04-16,0,0,298.5150000000001,96.66666666666667
2013-04-17,0,0,298.5150000000001,100.5
2013-04-18,0,0,298.5150000000001,103.66666666666667
2013-04-19,0,0,298.5150000000001,119.5
2013-04-20,0,0,300.24000000000007,168.33333333333334
2013-04-21,0,0,300.24000000000007,158.66666666666666
2013-04-22,0,0,300.24000000000007,112.16666666666667
2013-04-23,0,0,300.24000000000007,87.33333333333333
2013-04-24,0,0,300.24000000000007,99.83333333333333
2013-04-25,0,0,300.24000000000007,101.5
2013-04-26,0,0,300.24000000000007,126.66666666666667
2013-04-27,0,0,300.8550000000001,158.0
2013-04-28,0,0,300.8550000000001,155.33333333333334
2013-04-29,0,0,300.8550000000001,97.5
2013-04-30,0,0,300.8550000000001,106.66666666666667
2013-05-01,0,0,300.8550000000001,102.5
2013-05-02,0,0,300.8550000000001,138.66666666666666
2013-05-03,0,0,300.8550000000001,155.83333333333334
2013-05-04,0,0,301.31833333333344,196.66666666666666
2013-05-05,0,0,301.31833333333344,186.66666666666666
2013-05-06,0,0,301.31833333333344,138.33333333333334
2013-05-07,0,0,301.31833333333344,119.5
2013-05-08,0,0,301.31833333333344,121.0
2013-05-09,0,0,301.31833333333344,106.83333333333333
2013-05-10,0,0,301.31833333333344,134.33333333333334
2013-05-11,0,0,302.17833333333346,187.83333333333334
2013-05-12,0,0,302.17833333333346,149.83333333333334
2013-05-13,0,0,302.17833333333346,121.5
2013-05-14,0,0,302.17833333333346,110.0
2013-05-15,0,0,302.17833333333346,129.0
2013-05-16,0,0,302.17833333333346,120.16666666666667
2013-05-17,0,0,302.17833333333346,129.0
2013-05-18,0,0,303.3583333333334,160.33333333333334
2013-05-19,0,0,303.3583333333334,161.66666666666666
2013-05-20,0,0,303.3583333333334,124.5
2013-05-21,0,0,303.3583333333334,124.16666666666667
2013-05-22,0,0,303.3583333333334,109.66666666666667
2013-05-23,0,0,303.3583333333334,113.33333333333333
2013-05-24,0,0,303.3583333333334,138.66666666666666
2013-05-25,0,0,303.55833333333345,166.5
2013-05-26,0,0,303.55833333333345,155.33333333333334
2013-05-27,0,0,303.55833333333345,147.5
2013-05-28,0,0,303.55833333333345,117.33333333333333
2013-05-29,0,0,303.55833333333345,93.66666666666667
2013-05-30,0,0,303.55833333333345,108.5
2013-05-31,0,0,303.55833333333345,139.0
2013-06-01,0,0,304.16500000000013,177.33333333333334
2013-06-02,0,0,304.16500000000013,182.0
2013-06-03,0,0,304.16500000000013,142.5
2013-06-04,0,0,304.16500000000013,114.66666666666667
2013-06-05,0,0,304.16500000000013,130.33333333333334
2013-06-06,0,0,304.16500000000013,119.66666666666667
2013-06-07,0,0,304.16500000000013,146.33333333333334
2013-06-08,0,0,306.76166666666677,196.83333333333334
2013-06-09,0,0,306.76166666666677,189.16666666666666
2013-06-10,0,0,306.76166666666677,145.0
2013-06-11,0,0,306.76166666666677,115.5
2013-06-12,0,0,306.76166666666677,130.16666666666666
2013-06-13,0,0,306.76166666666677,117.83333333333333
2013-06-14,0,0,306.76166666666677,162.5
2013-06-15,0,0,307.00833333333344,172.5
2013-06-16,0,0,307.00833333333344,166.33333333333334
2013-06-17,0,0,307.00833333333344,135.83333333333334
2013-06-18,0,0,307.00833333333344,119.16666666666667
2013-06-19,0,0,307.00833333333344,109.66666666666667
2013-06-20,0,0,307.00833333333344,118.83333333333333
2013-06-21,0,0,307.00833333333344,144.16666666666666
2013-06-22,0,0,307.2566666666667,174.5
2013-06-23,0,0,307.2566666666667,184.66666666666666
2013-06-24,0,0,307.2566666666667,127.83333333333333
2013-06-25,0,0,307.2566666666667,114.5
2013-06-26,0,0,307.2566666666667,142.33333333333334
2013-06-27,0,0,307.2566666666667,125.66666666666667
2013-06-28,0,0,307.2566666666667,172.5
2013-06-29,0,0,307.2833333333335,197.33333333333334
2013-06-30,0,0,307.2833333333335,197.83333333333334
2013-07-01,0,0,307.2833333333335,166.16666666666666
2013-07-02,0,0,307.2833333333335,166.83333333333334
2013-07-03,0,0,307.2833333333335,181.0
2013-07-04,0,0,307.2833333333335,167.16666666666666
2013-07-05,0,0,307.2833333333335,181.83333333333334
2013-07-06,0,0,307.50000000000006,170.66666666666666
2013-07-07,0,0,307.50000000000006,196.66666666666666
2013-07-08,0,0,307.50000000000006,130.5
2013-07-09,0,0,307.50000000000006,133.83333333333334
2013-07-10,0,0,307.50000000000006,143.0
2013-07-11,0,0,307.50000000000006,126.0
2013-07-12,0,0,307.50000000000006,172.16666666666666
2013-07-13,0,0,314.1950000000001,187.33333333333334
2013-07-14,0,0,314.1950000000001,207.5
2013-07-15,0,0,314.1950000000001,132.16666666666666
2013-07-16,0,0,314.1950000000001,118.5
2013-07-17,0,0,314.1950000000001,124.5
2013-07-18,0,0,314.1950000000001,134.0
2013-07-19,0,0,314.1950000000001,148.5
2013-07-20,0,0,314.64500000000015,179.5
2013-07-21,0,0,314.64500000000015,185.66666666666666
2013-07-22,0,0,314.64500000000015,125.16666666666667
2013-07-23,0,0,314.64500000000015,104.5
2013-07-24,0,0,314.64500000000015,112.83333333333333
2013-07-25,0,0,314.64500000000015,135.0
2013-07-26,0,0,314.64500000000015,158.5
2013-07-27,0,0,317.9300000000001,156.33333333333334
2013-07-28,0,0,317.9300000000001,173.0
2013-07-29,0,0,317.9300000000001,122.83333333333333
2013-07-30,0,0,317.9300000000001,118.0
2013-07-31,0,0,317.9300000000001,115.66666666666667
2013-08-01,0,0,317.9300000000001,139.0
2013-08-02,0,0,317.9300000000001,157.33333333333334
2013-08-03,0,0,317.83166666666676,193.66666666666666
2013-08-04,0,0,317.83166666666676,156.83333333333334
2013-08-05,0,0,317.83166666666676,136.83333333333334
2013-08-06,0,0,317.83166666666676,119.5
2013-08-07,0,0,317.83166666666676,141.66666666666666
2013-08-08,0,0,317.83166666666676,134.16666666666666
2013-08-09,0,0,317.83166666666676,153.5
2013-08-10,0,0,317.85333333333347,196.83333333333334
2013-08-11,0,0,317.85333333333347,194.16666666666666
2013-08-12,0,0,317.85333333333347,132.0
2013-08-13,0,0,317.85333333333347,121.0
2013-08-14,0,0,317.85333333333347,123.16666666666667
2013-08-15,0,0,317.85333333333347,131.5
2013-08-16,0,0,317.85333333333347,159.0
2013-08-17,0,0,317.7233333333334,197.66666666666666
2013-08-18,0,0,317.7233333333334,189.16666666666666
2013-08-19,0,0,317.7233333333334,122.66666666666667
2013-08-20,0,0,317.7233333333334,114.83333333333333
2013-08-21,0,0,317.7233333333334,139.5
2013-08-22,0,0,317.7233333333334,135.83333333333334
2013-08-23,0,0,317.7233333333334,148.83333333333334
2013-08-24,0,0,317.8433333333334,199.5
2013-08-25,0,0,317.8433333333334,201.0
2013-08-26,0,0,317.8433333333334,134.16666666666666
2013-08-27,0,0,317.8433333333334,110.66666666666667
2013-08-28,0,0,317.8433333333334,112.5
2013-08-29,0,0,317.8433333333334,127.33333333333333
2013-08-30,0,0,317.8433333333334,188.0
2013-08-31,0,0,318.1866666666668,218.5
2013-09-01,0,0,318.1866666666668,190.0
2013-09-02,0,0,318.1866666666668,179.16666666666666
2013-09-03,0,0,318.1866666666668,131.66666666666666
2013-09-04,0,0,318.1866666666668,124.0
2013-09-05,0,0,318.1866666666668,134.0
2013-09-06,0,0,318.1866666666668,149.33333333333334
2013-09-07,0,0,320.39500000000015,196.83333333333334
2013-09-08,0,0,320.39500000000015,193.83333333333334
2013-09-09,0,0,320.39500000000015,136.16666666666666
2013-09-10,0,0,320.39500000000015,122.5
2013-09-11,0,0,320.39500000000015,121.83333333333333
2013-09-12,0,0,320.39500000000015,127.83333333333333
2013-09-13,0,0,320.39500000000015,150.16666666666666
2013-09-14,0,0,320.82333333333344,196.0
2013-09-15,0,0,320.82333333333344,173.0
2013-09-16,0,0,320.82333333333344,111.5
2013-09-17,0,0,320.82333333333344,116.5
2013-09-18,0,0,320.82333333333344,108.0
2013-09-19,0,0,320.82333333333344,114.5
2013-09-20,0,0,320.82333333333344,145.16666666666666
2013-09-21,0,0,322.27000000000015,180.5
2013-09-22,0,0,322.27000000000015,196.0
2013-09-23,0,0,322.27000000000015,122.0
2013-09-24,0,0,322.27000000000015,113.33333333333333
2013-09-25,0,0,322.27000000000015,90.66666666666667
2013-09-26,0,0,322.27000000000015,112.5
2013-09-27,0,0,322.27000000000015,127.83333333333333
2013-09-28,0,0,322.9966666666668,178.16666666666666
2013-09-29,0,0,322.9966666666668,174.33333333333334
2013-09-30,0,0,322.9966666666668,108.16666666666667
2013-10-01,0,0,322.9966666666668,123.83333333333333
2013-10-02,0,0,322.9966666666668,99.66666666666667
2013-10-03,0,0,322.9966666666668,130.33333333333334
2013-10-04,0,0,322.9966666666668,155.33333333333334
2013-10-05,0,0,325.0333333333335,181.83333333333334
2013-10-06,0,0,325.0333333333335,177.66666666666666
2013-10-07,0,0,325.0333333333335,139.33333333333334
2013-10-08,0,0,325.0333333333335,117.5
2013-10-09,0,0,325.0333333333335,116.66666666666667
2013-10-10,0,0,325.0333333333335,132.83333333333334
2013-10-11,0,0,325.0333333333335,137.0
2013-10-12,0,0,325.74333333333345,167.5
2013-10-13,0,0,325.74333333333345,172.16666666666666
2013-10-14,0,0,325.74333333333345,128.5
2013-10-15,0,0,325.74333333333345,100.5
2013-10-16,0,0,325.74333333333345,106.83333333333333
2013-10-17,0,0,325.74333333333345,121.5
2013-10-18,0,0,325.74333333333345,135.83333333333334
2013-10-19,0,0,327.4050000000001,174.66666666666666
2013-10-20,0,0,327.4050000000001,189.33333333333334
2013-10-21,0,0,327.4050000000001,116.33333333333333
2013-10-22,0,0,327.4050000000001,103.0
2013-10-23,0,0,327.4050000000001,102.5
2013-10-24,0,0,327.4050000000001,96.33333333333333
2013-10-25,0,0,327.4050000000001,121.83333333333333
2013-10-26,0,0,329.08166666666676,168.33333333333334
2013-10-27,0,0,329.08166666666676,151.5
2013-10-28,0,0,329.08166666666676,114.66666666666667
2013-10-29,0,0,329.08166666666676,105.33333333333333
2013-10-30,0,0,329.08166666666676,110.83333333333333
2013-10-31,1,0,329.08166666666676,88.16666666666667
2013-11-01,0,0,329.08166666666676,123.16666666666667
2013-11-02,0,0,329.87833333333344,179.5
2013-11-03,0,0,329.87833333333344,172.83333333333334
2013-11-04,0,0,329.87833333333344,117.83333333333333
2013-11-05,0,0,329.87833333333344,112.0
2013-11-06,0,0,329.87833333333344,105.33333333333333
2013-11-07,0,0,329.87833333333344,104.66666666666667
2013-11-08,0,0,329.87833333333344,114.83333333333333
2013-11-09,0,0,329.6150000000001,157.16666666666666
2013-11-10,0,0,329.6150000000001,157.83333333333334
2013-11-11,0,0,329.6150000000001,127.16666666666667
2013-11-12,0,0,329.6150000000001,89.5
2013-11-13,0,0,329.6150000000001,92.33333333333333
2013-11-14,0,0,329.6150000000001,103.0
2013-11-15,0,0,329.6150000000001,137.33333333333334
2013-11-16,0,0,328.8716666666667,182.83333333333334
2013-11-17,0,0,328.8716666666667,177.66666666666666
2013-11-18,0,0,328.8716666666667,128.83333333333334
2013-11-19,0,0,328.8716666666667,101.0
2013-11-20,0,0,328.8716666666667,86.83333333333333
2013-11-21,0,0,328.8716666666667,91.83333333333333
2013-11-22,0,0,328.8716666666667,121.33333333333333
2013-11-23,0,0,329.3700000000001,158.66666666666666
2013-11-24,0,0,329.3700000000001,158.66666666666666
2013-11-25,0,0,329.3700000000001,109.66666666666667
2013-11-26,0,0,329.3700000000001,116.16666666666667
2013-11-27,0,0,329.3700000000001,120.33333333333333
2013-11-28,0,0,329.3700000000001,68.66666666666667
2013-11-29,0,0,329.3700000000001,106.66666666666667
2013-11-30,0,0,329.4100000000001,109.0
2013-12-01,0,0,329.4100000000001,140.5
2013-12-02,0,0,329.4100000000001,119.5
2013-12-03,0,0,329.4100000000001,121.16666666666667
2013-12-04,0,0,329.4100000000001,105.5
2013-12-05,0,0,329.4100000000001,123.0
2013-12-06,0,0,329.4100000000001,124.16666666666667
2013-12-07,0,0,329.4000000000001,172.83333333333334
2013-12-08,0,0,329.4000000000001,154.0
2013-12-09,0,0,329.4000000000001,107.83333333333333
2013-12-10,0,0,329.4000000000001,125.66666666666667
2013-12-11,0,0,329.4000000000001,104.66666666666667
2013-12-12,0,0,329.4000000000001,112.83333333333333
2013-12-13,0,0,329.4000000000001,126.16666666666667
2013-12-14,0,0,329.4000000000001,165.5
2013-12-15,0,0,329.4000000000001,160.33333333333334
2013-12-16,0,0,329.4000000000001,133.16666666666666
2013-12-17,0,0,329.4000000000001,103.5
2013-12-18,0,0,329.4000000000001,107.5
2013-12-19,0,0,329.4000000000001,101.83333333333333
2013-12-20,0,0,329.4000000000001,128.83333333333334
2013-12-21,0,0,331.78166666666675,167.0
2013-12-22,0,0,331.78166666666675,155.33333333333334
2013-12-23,0,0,331.78166666666675,139.16666666666666
2013-12-24,0,0,331.78166666666675,101.5
2013-12-25,0,0,331.78166666666675,0.16666666666666666
2013-12-26,0,0,331.78166666666675,126.66666666666667
2013-12-27,0,0,331.78166666666675,126.0
2013-12-28,0,0,332.1816666666668,143.16666666666666
2013-12-29,0,0,332.1816666666668,137.83333333333334
2013-12-30,0,0,332.1816666666668,132.16666666666666
2013-12-31,0,0,332.1816666666668,118.16666666666667
2014-01-01,0,0,332.1816666666668,86.33333333333333
2014-01-02,0,0,332.1816666666668,127.83333333333333
2014-01-03,0,0,332.1816666666668,140.33333333333334
2014-01-04,0,0,332.64666666666676,156.0
2014-01-05,0,0,332.64666666666676,171.66666666666666
2014-01-06,0,0,332.64666666666676,125.66666666666667
2014-01-07,0,0,332.64666666666676,118.83333333333333
2014-01-08,0,0,332.64666666666676,106.5
2014-01-09,0,0,332.64666666666676,117.5
2014-01-10,0,0,332.64666666666676,138.66666666666666
2014-01-11,0,0,334.5466666666668,175.5
2014-01-12,0,0,334.5466666666668,163.16666666666666
2014-01-13,0,0,334.5466666666668,121.16666666666667
2014-01-14,0,0,334.5466666666668,108.33333333333333
2014-01-15,0,0,334.5466666666668,107.83333333333333
2014-01-16,0,0,334.5466666666668,106.0
2014-01-17,0,0,334.5466666666668,141.66666666666666
2014-01-18,0,0,334.34166666666675,178.16666666666666
2014-01-19,0,0,334.34166666666675,161.83333333333334
2014-01-20,0,0,334.34166666666675,141.0
2014-01-21,0,0,334.34166666666675,102.33333333333333
2014-01-22,0,0,334.34166666666675,96.83333333333333
2014-01-23,0,0,334.34166666666675,88.0
2014-01-24,0,0,334.34166666666675,138.5
2014-01-25,0,0,338.08666666666676,165.16666666666666
2014-01-26,0,0,338.08666666666676,160.16666666666666
2014-01-27,0,0,338.08666666666676,116.0
2014-01-28,0,0,338.08666666666676,94.5
2014-01-29,0,0,338.08666666666676,92.33333333333333
2014-01-30,0,0,338.08666666666676,97.0
2014-01-31,0,0,338.08666666666676,128.66666666666666
2014-02-01,0,0,339.1616666666668,202.0
2014-02-02,0,1,339.1616666666668,165.16666666666666
2014-02-03,0,0,339.1616666666668,114.0
2014-02-04,0,0,339.1616666666668,119.66666666666667
2014-02-05,0,0,339.1616666666668,117.66666666666667
2014-02-06,0,0,339.1616666666668,100.33333333333333
2014-02-07,0,0,339.1616666666668,130.66666666666666
2014-02-08,0,0,339.5233333333334,190.16666666666666
2014-02-09,0,0,339.5233333333334,180.33333333333334
2014-02-10,0,0,339.5233333333334,129.0
2014-02-11,0,0,339.5233333333334,118.33333333333333
2014-02-12,0,0,339.5233333333334,106.5
2014-02-13,0,0,339.5233333333334,144.33333333333334
2014-02-14,0,0,339.5233333333334,112.66666666666667
2014-02-15,0,0,340.28000000000014,156.66666666666666
2014-02-16,0,0,340.28000000000014,160.0
2014-02-17,0,0,340.28000000000014,132.16666666666666
2014-02-18,0,0,340.28000000000014,103.83333333333333
2014-02-19,0,0,340.28000000000014,98.5
2014-02-20,0,0,340.28000000000014,97.33333333333333
2014-02-21,0,0,340.28000000000014,123.5
2014-02-22,0,0,342.16833333333346,151.66666666666666
2014-02-23,0,0,342.16833333333346,145.66666666666666
2014-02-24,0,0,342.16833333333346,108.33333333333333
2014-02-25,0,0,342.16833333333346,105.0
2014-02-26,0,0,342.16833333333346,88.5
2014-02-27,0,0,342.16833333333346,100.5
2014-02-28,0,0,342.16833333333346,114.83333333333333
2014-03-01,0,0,343.89500000000004,185.33333333333334
2014-03-02,0,0,343.89500000000004,173.83333333333334
2014-03-03,0,0,343.89500000000004,122.33333333333333
2014-03-04,0,0,343.89500000000004,99.83333333333333
2014-03-05,0,0,343.89500000000004,94.5
2014-03-06,0,0,343.89500000000004,98.0
2014-03-07,0,0,343.89500000000004,130.5
2014-03-08,0,0,344.05166666666673,162.0
2014-03-09,0,0,344.05166666666673,184.83333333333334
2014-03-10,0,0,344.05166666666673,129.5
2014-03-11,0,0,344.05166666666673,106.66666666666667
2014-03-12,0,0,344.05166666666673,113.16666666666667
2014-03-13,0,0,344.05166666666673,113.66666666666667
2014-03-14,0,0,344.05166666666673,133.66666666666666
2014-03-15,0,0,344.8,194.83333333333334
2014-03-16,0,0,344.8,179.16666666666666
2014-03-17,0,0,344.8,109.16666666666667
2014-03-18,0,0,344.8,107.83333333333333
2014-03-19,0,0,344.8,107.0
2014-03-20,0,0,344.8,114.33333333333333
2014-03-21,0,0,344.8,130.16666666666666
2014-03-22,0,0,346.51833333333343,166.33333333333334
2014-03-23,0,0,346.51833333333343,175.33333333333334
2014-03-24,0,0,346.51833333333343,119.83333333333333
2014-03-25,0,0,346.51833333333343,105.66666666666667
2014-03-26,0,0,346.51833333333343,95.33333333333333
2014-03-27,0,0,346.51833333333343,104.16666666666667
2014-03-28,0,0,346.51833333333343,130.66666666666666
2014-03-29,0,0,347.6166666666668,168.0
2014-03-30,0,0,347.6166666666668,189.66666666666666
2014-03-31,0,0,347.6166666666668,106.16666666666667
2014-04-01,0,0,347.6166666666668,114.5
2014-04-02,0,0,347.6166666666668,124.83333333333333
2014-04-03,0,0,347.6166666666668,126.5
2014-04-04,0,0,347.6166666666668,142.5
2014-04-05,0,0,349.8333333333334,180.0
2014-04-06,0,0,349.8333333333334,203.16666666666666
2014-04-07,0,0,349.8333333333334,145.33333333333334
2014-04-08,0,0,349.8333333333334,124.83333333333333
2014-04-09,0,0,349.8333333333334,145.16666666666666
2014-04-10,0,0,349.8333333333334,124.0
2014-04-11,0,0,349.8333333333334,133.83333333333334
2014-04-12,0,0,350.2250000000001,186.0
2014-04-13,0,0,350.2250000000001,203.66666666666666
2014-04-14,0,0,350.2250000000001,120.16666666666667
2014-04-15,0,0,350.2250000000001,126.33333333333333
2014-04-16,0,0,350.2250000000001,123.0
2014-04-17,0,0,350.2250000000001,127.5
2014-04-18,0,0,350.2250000000001,163.16666666666666
2014-04-19,0,0,350.7000000000001,192.83333333333334
2014-04-20,0,0,350.7000000000001,136.83333333333334
2014-04-21,0,0,350.7000000000001,108.83333333333333
2014-04-22,0,0,350.7000000000001,116.5
2014-04-23,0,0,350.7000000000001,108.33333333333333
2014-04-24,0,0,350.7000000000001,114.33333333333333
2014-04-25,0,0,350.7000000000001,139.83333333333334
2014-04-26,0,0,350.9416666666668,180.33333333333334
2014-04-27,0,0,350.9416666666668,170.16666666666666
2014-04-28,0,0,350.9416666666668,125.66666666666667
2014-04-29,0,0,350.9416666666668,98.33333333333333
2014-04-30,0,0,350.9416666666668,103.5
2014-05-01,0,0,350.9416666666668,126.0
2014-05-02,0,0,350.9416666666668,176.5
2014-05-03,0,0,354.29833333333346,183.33333333333334
2014-05-04,0,0,354.29833333333346,195.16666666666666
2014-05-05,0,0,354.29833333333346,129.66666666666666
2014-05-06,0,0,354.29833333333346,120.16666666666667
2014-05-07,0,0,354.29833333333346,114.5
2014-05-08,0,0,354.29833333333346,116.16666666666667
2014-05-09,0,0,354.29833333333346,140.33333333333334
2014-05-10,0,0,355.0216666666668,178.5
2014-05-11,0,0,355.0216666666668,135.0
2014-05-12,0,0,355.0216666666668,130.5
2014-05-13,0,0,355.0216666666668,113.5
2014-05-14,0,0,355.0216666666668,96.5
2014-05-15,0,0,355.0216666666668,114.66666666666667
2014-05-16,0,0,355.0216666666668,127.5
2014-05-17,0,0,356.0850000000001,157.83333333333334
2014-05-18,0,0,356.0850000000001,158.33333333333334
2014-05-19,0,0,356.0850000000001,121.5
2014-05-20,0,0,356.0850000000001,89.0
2014-05-21,0,0,356.0850000000001,101.5
2014-05-22,0,0,356.0850000000001,102.33333333333333
2014-05-23,0,0,356.0850000000001,121.16666666666667
2014-05-24,0,0,356.7183333333335,130.66666666666666
2014-05-25,0,0,356.7183333333335,134.83333333333334
2014-05-26,0,0,356.7183333333335,137.16666666666666
2014-05-27,0,0,356.7183333333335,101.5
2014-05-28,0,0,356.7183333333335,94.16666666666667
2014-05-29,0,0,356.7183333333335,92.33333333333333
2014-05-30,0,0,356.7183333333335,122.83333333333333
2014-05-31,0,0,357.09000000000015,167.5
2014-06-01,0,0,357.09000000000015,173.0
2014-06-02,0,0,357.09000000000015,119.16666666666667
2014-06-03,0,0,357.09000000000015,120.0
2014-06-04,0,0,357.09000000000015,108.16666666666667
2014-06-05,0,0,357.09000000000015,109.33333333333333
2014-06-06,0,0,357.09000000000015,132.83333333333334
2014-06-07,0,0,359.75166666666684,165.5
2014-06-08,0,0,359.75166666666684,167.66666666666666
2014-06-09,0,0,359.75166666666684,126.16666666666667
2014-06-10,0,0,359.75166666666684,117.16666666666667
2014-06-11,0,0,359.75166666666684,129.16666666666666
2014-06-12,0,0,359.75166666666684,123.66666666666667
2014-06-13,0,0,359.75166666666684,139.0
2014-06-14,0,0,361.9266666666669,190.66666666666666
2014-06-15,0,0,361.9266666666669,154.83333333333334
2014-06-16,0,0,361.9266666666669,131.33333333333334
2014-06-17,0,0,361.9266666666669,124.0
2014-06-18,0,0,361.9266666666669,110.66666666666667
2014-06-19,0,0,361.9266666666669,105.66666666666667
2014-06-20,0,0,361.9266666666669,156.83333333333334
2014-06-21,0,0,364.16000000000014,178.5
2014-06-22,0,0,364.16000000000014,171.0
2014-06-23,0,0,364.16000000000014,148.33333333333334
2014-06-24,0,0,364.16000000000014,105.5
2014-06-25,0,0,364.16000000000014,123.5
2014-06-26,0,0,364.16000000000014,106.5
2014-06-27,0,0,364.16000000000014,127.5
2014-06-28,0,0,365.8600000000002,163.5
2014-06-29,0,0,365.8600000000002,166.0
2014-06-30,0,0,365.8600000000002,129.0
2014-07-01,0,0,365.8600000000002,129.66666666666666
2014-07-02,0,0,365.8600000000002,139.66666666666666
2014-07-03,0,0,365.8600000000002,176.33333333333334
2014-07-04,0,0,365.8600000000002,148.5
2014-07-05,0,0,365.86666666666684,162.0
2014-07-06,0,0,365.86666666666684,175.0
2014-07-07,0,0,365.86666666666684,129.5
2014-07-08,0,0,365.86666666666684,132.5
2014-07-09,0,0,365.86666666666684,119.83333333333333
2014-07-10,0,0,365.86666666666684,150.83333333333334
2014-07-11,0,0,365.86666666666684,156.33333333333334
2014-07-12,0,0,366.66000000000014,188.66666666666666
2014-07-13,0,0,366.66000000000014,167.16666666666666
2014-07-14,0,0,366.66000000000014,140.0
2014-07-15,0,0,366.66000000000014,120.66666666666667
2014-07-16,0,0,366.66000000000014,109.0
2014-07-17,0,0,366.66000000000014,120.83333333333333
2014-07-18,0,0,366.66000000000014,159.0
2014-07-19,0,0,367.9983333333335,173.5
2014-07-20,0,0,367.9983333333335,201.66666666666666
2014-07-21,0,0,367.9983333333335,133.0
2014-07-22,0,0,367.9983333333335,117.66666666666667
2014-07-23,0,0,367.9983333333335,135.0
2014-07-24,0,0,367.9983333333335,133.83333333333334
2014-07-25,0,0,367.9983333333335,137.0
2014-07-26,0,0,369.79500000000024,164.16666666666666
2014-07-27,0,0,369.79500000000024,183.16666666666666
2014-07-28,0,0,369.79500000000024,151.66666666666666
2014-07-29,0,0,369.79500000000024,130.33333333333334
2014-07-30,0,0,369.79500000000024,134.5
2014-07-31,0,0,369.79500000000024,136.33333333333334
2014-08-01,0,0,369.79500000000024,149.16666666666666
2014-08-02,0,0,370.55500000000023,206.33333333333334
2014-08-03,0,0,370.55500000000023,205.83333333333334
2014-08-04,0,0,370.55500000000023,160.0
2014-08-05,0,0,370.55500000000023,143.83333333333334
2014-08-06,0,0,370.55500000000023,126.5
2014-08-07,0,0,370.55500000000023,130.16666666666666
2014-08-08,0,0,370.55500000000023,142.16666666666666
2014-08-09,0,0,370.4850000000002,175.83333333333334
2014-08-10,0,0,370.4850000000002,191.33333333333334
2014-08-11,0,0,370.4850000000002,131.66666666666666
2014-08-12,0,0,370.4850000000002,126.0
2014-08-13,0,0,370.4850000000002,130.16666666666666
2014-08-14,0,0,370.4850000000002,138.33333333333334
2014-08-15,0,0,370.4850000000002,138.16666666666666
2014-08-16,0,0,371.2283333333335,206.66666666666666
2014-08-17,0,0,371.2283333333335,195.33333333333334
2014-08-18,0,0,371.2283333333335,128.66666666666666
2014-08-19,0,0,371.2283333333335,116.5
2014-08-20,0,0,371.2283333333335,119.33333333333333
2014-08-21,0,0,371.2283333333335,101.16666666666667
2014-08-22,0,0,371.2283333333335,130.33333333333334
2014-08-23,0,0,371.6850000000002,165.33333333333334
2014-08-24,0,0,371.6850000000002,195.0
2014-08-25,0,0,371.6850000000002,143.5
2014-08-26,0,0,371.6850000000002,121.33333333333333
2014-08-27,0,0,371.6850000000002,106.33333333333333
2014-08-28,0,0,371.6850000000002,114.83333333333333
2014-08-29,0,0,371.6850000000002,139.0
2014-08-30,0,0,371.69333333333344,174.16666666666666
2014-08-31,0,0,371.69333333333344,167.83333333333334
2014-09-01,0,0,371.69333333333344,178.83333333333334
2014-09-02,0,0,371.69333333333344,125.33333333333333
2014-09-03,0,0,371.69333333333344,125.66666666666667
2014-09-04,0,0,371.69333333333344,122.5
2014-09-05,0,0,371.69333333333344,132.83333333333334
2014-09-06,0,0,373.46833333333353,185.0
2014-09-07,0,0,373.46833333333353,165.66666666666666
2014-09-08,0,0,373.46833333333353,128.5
2014-09-09,0,0,373.46833333333353,110.5
2014-09-10,0,0,373.46833333333353,116.0
2014-09-11,0,0,373.46833333333353,114.83333333333333
2014-09-12,0,0,373.46833333333353,142.0
2014-09-13,0,0,374.53500000000014,191.83333333333334
2014-09-14,0,0,374.53500000000014,162.0
2014-09-15,0,0,374.53500000000014,137.5
2014-09-16,0,0,374.53500000000014,112.0
2014-09-17,0,0,374.53500000000014,114.5
2014-09-18,0,0,374.53500000000014,111.66666666666667
2014-09-19,0,0,374.53500000000014,144.0
2014-09-20,0,0,377.92000000000024,176.5
2014-09-21,0,0,377.92000000000024,177.16666666666666
2014-09-22,0,0,377.92000000000024,104.33333333333333
2014-09-23,0,0,377.92000000000024,126.0
2014-09-24,0,0,377.92000000000024,113.83333333333333
2014-09-25,0,0,377.92000000000024,112.0
2014-09-26,0,0,377.92000000000024,117.5
2014-09-27,0,0,377.7683333333336,142.16666666666666
2014-09-28,0,0,377.7683333333336,163.33333333333334
2014-09-29,0,0,377.7683333333336,114.0
2014-09-30,0,0,377.7683333333336,108.16666666666667
2014-10-01,0,0,377.7683333333336,104.83333333333333
2014-10-02,0,0,377.7683333333336,125.5
2014-10-03,0,0,377.7683333333336,146.66666666666666
2014-10-04,0,0,378.06000000000023,176.83333333333334
2014-10-05,0,0,378.06000000000023,171.66666666666666
2014-10-06,0,0,378.06000000000023,135.0
2014-10-07,0,0,378.06000000000023,111.16666666666667
2014-10-08,0,0,378.06000000000023,120.5
2014-10-09,0,0,378.06000000000023,128.5
2014-10-10,0,0,378.06000000000023,130.83333333333334
2014-10-11,0,0,380.6016666666669,178.33333333333334
2014-10-12,0,0,380.6016666666669,171.83333333333334
2014-10-13,0,0,380.6016666666669,106.5
2014-10-14,0,0,380.6016666666669,105.66666666666667
2014-10-15,0,0,380.6016666666669,101.16666666666667
2014-10-16,0,0,380.6016666666669,103.33333333333333
2014-10-17,0,0,380.6016666666669,143.16666666666666
2014-10-18,0,0,381.9883333333335,188.66666666666666
2014-10-19,0,0,381.9883333333335,175.33333333333334
2014-10-20,0,0,381.9883333333335,133.33333333333334
2014-10-21,0,0,381.9883333333335,99.83333333333333
2014-10-22,0,0,381.9883333333335,111.66666666666667
2014-10-23,0,0,381.9883333333335,102.66666666666667
2014-10-24,0,0,381.9883333333335,120.33333333333333
2014-10-25,0,0,383.21000000000026,179.5
2014-10-26,0,0,383.21000000000026,165.16666666666666
2014-10-27,0,0,383.21000000000026,113.33333333333333
2014-10-28,0,0,383.21000000000026,125.33333333333333
2014-10-29,0,0,383.21000000000026,102.5
2014-10-30,0,0,383.21000000000026,123.0
2014-10-31,1,0,383.21000000000026,123.33333333333333
2014-11-01,0,0,383.2466666666669,216.5
2014-11-02,0,0,383.2466666666669,199.0
2014-11-03,0,0,383.2466666666669,133.16666666666666
2014-11-04,0,0,383.2466666666669,116.83333333333333
2014-11-05,0,0,383.2466666666669,102.16666666666667
2014-11-06,0,0,383.2466666666669,111.33333333333333
2014-11-07,0,0,383.2466666666669,138.16666666666666
2014-11-08,0,0,383.7233333333336,179.83333333333334
2014-11-09,0,0,383.7233333333336,193.66666666666666
2014-11-10,0,0,383.7233333333336,121.0
2014-11-11,0,0,383.7233333333336,121.83333333333333
2014-11-12,0,0,383.7233333333336,95.33333333333333
2014-11-13,0,0,383.7233333333336,105.33333333333333
2014-11-14,0,0,383.7233333333336,125.16666666666667
2014-11-15,0,0,383.0000000000002,167.5
2014-11-16,0,0,383.0000000000002,174.5
2014-11-17,0,0,383.0000000000002,111.83333333333333
2014-11-18,0,0,383.0000000000002,99.83333333333333
2014-11-19,0,0,383.0000000000002,98.66666666666667
2014-11-20,0,0,383.0000000000002,101.66666666666667
2014-11-21,0,0,383.0000000000002,122.66666666666667
2014-11-22,0,0,383.4633333333336,161.66666666666666
2014-11-23,0,0,383.4633333333336,153.0
2014-11-24,0,0,383.4633333333336,115.5
2014-11-25,0,0,383.4633333333336,116.83333333333333
2014-11-26,0,0,383.4633333333336,145.33333333333334
2014-11-27,0,0,383.4633333333336,92.16666666666667
2014-11-28,0,0,383.4633333333336,118.16666666666667
2014-11-29,0,0,383.4766666666669,151.33333333333334
2014-11-30,0,0,383.4766666666669,148.66666666666666
2014-12-01,0,0,383.4766666666669,110.33333333333333
2014-12-02,0,0,383.4766666666669,98.5
2014-12-03,0,0,383.4766666666669,97.33333333333333
2014-12-04,0,0,383.4766666666669,141.0
2014-12-05,0,0,383.4766666666669,130.33333333333334
2014-12-06,0,0,384.1533333333335,168.83333333333334
2014-12-07,0,0,384.1533333333335,162.16666666666666
2014-12-08,0,0,384.1533333333335,107.5
2014-12-09,0,0,384.1533333333335,126.0
2014-12-10,0,0,384.1533333333335,159.5
2014-12-11,0,0,384.1533333333335,67.5
2014-12-12,0,0,384.1533333333335,116.16666666666667
2014-12-13,0,0,385.3166666666669,171.0
2014-12-14,0,0,385.3166666666669,173.83333333333334
2014-12-15,0,0,385.3166666666669,117.33333333333333
2014-12-16,0,0,385.3166666666669,117.83333333333333
2014-12-17,0,0,385.3166666666669,120.16666666666667
2014-12-18,0,0,385.3166666666669,120.0
2014-12-19,0,0,385.3166666666669,120.83333333333333
2014-12-20,0,0,385.9800000000002,170.16666666666666
2014-12-21,0,0,385.9800000000002,171.5
2014-12-22,0,0,385.9800000000002,134.83333333333334
2014-12-23,0,0,385.9800000000002,133.5
2014-12-24,0,0,385.9800000000002,103.33333333333333
2014-12-25,0,0,385.9800000000002,0.3333333333333333
2014-12-26,0,0,385.9800000000002,121.83333333333333
2014-12-27,0,0,390.39000000000027,136.5
2014-12-28,0,0,390.39000000000027,141.83333333333334
2014-12-29,0,0,390.39000000000027,130.0
2014-12-30,0,0,390.39000000000027,112.5
2014-12-31,0,0,390.39000000000027,123.83333333333333
2015-01-01,0,0,390.39000000000027,93.83333333333333
2015-01-02,0,0,390.39000000000027,140.66666666666666
2015-01-03,0,0,391.1566666666669,151.83333333333334
2015-01-04,0,0,391.1566666666669,174.16666666666666
2015-01-05,0,0,391.1566666666669,131.33333333333334
2015-01-06,0,0,391.1566666666669,93.66666666666667
2015-01-07,0,0,391.1566666666669,107.66666666666667
2015-01-08,0,0,391.1566666666669,111.0
2015-01-09,0,0,391.1566666666669,144.33333333333334
2015-01-10,0,0,392.4933333333336,184.83333333333334
2015-01-11,0,0,392.4933333333336,173.0
2015-01-12,0,0,392.4933333333336,121.83333333333333
2015-01-13,0,0,392.4933333333336,106.16666666666667
2015-01-14,0,0,392.4933333333336,98.83333333333333
2015-01-15,0,0,392.4933333333336,106.33333333333333
2015-01-16,0,0,392.4933333333336,137.5
2015-01-17,0,0,393.1933333333336,168.66666666666666
2015-01-18,0,0,393.1933333333336,170.0
2015-01-19,0,0,393.1933333333336,133.33333333333334
2015-01-20,0,0,393.1933333333336,92.0
2015-01-21,0,0,393.1933333333336,97.66666666666667
2015-01-22,0,0,393.1933333333336,98.16666666666667
2015-01-23,0,0,393.1933333333336,122.33333333333333
2015-01-24,0,0,394.70833333333366,179.0
2015-01-25,0,0,394.70833333333366,160.16666666666666
2015-01-26,0,0,394.70833333333366,100.83333333333333
2015-01-27,0,0,394.70833333333366,95.83333333333333
2015-01-28,0,0,394.70833333333366,90.33333333333333
2015-01-29,0,0,394.70833333333366,104.5
2015-01-30,0,0,394.70833333333366,112.66666666666667
2015-01-31,0,0,396.5383333333336,180.66666666666666
2015-02-01,0,1,396.5383333333336,174.33333333333334
2015-02-02,0,0,396.5383333333336,110.83333333333333
2015-02-03,0,0,396.5383333333336,111.16666666666667
2015-02-04,0,0,396.5383333333336,109.83333333333333
2015-02-05,0,0,396.5383333333336,107.0
2015-02-06,0,0,396.5383333333336,112.83333333333333
2015-02-07,0,0,396.85666666666685,177.33333333333334
2015-02-08,0,0,396.85666666666685,165.5
2015-02-09,0,0,396.85666666666685,135.33333333333334
2015-02-10,0,0,396.85666666666685,126.16666666666667
2015-02-11,0,0,396.85666666666685,120.83333333333333
2015-02-12,0,0,396.85666666666685,111.83333333333333
2015-02-13,0,0,396.85666666666685,125.16666666666667
2015-02-14,0,0,397.3816666666669,136.33333333333334
2015-02-15,0,0,397.3816666666669,129.5
2015-02-16,0,0,397.3816666666669,138.16666666666666
2015-02-17,0,0,397.3816666666669,107.83333333333333
2015-02-18,0,0,397.3816666666669,86.16666666666667
2015-02-19,0,0,397.3816666666669,87.5
2015-02-20,0,0,397.3816666666669,120.0
2015-02-21,0,0,397.25333333333356,135.5
2015-02-22,0,0,397.25333333333356,165.83333333333334
2015-02-23,0,0,397.25333333333356,102.16666666666667
2015-02-24,0,0,397.25333333333356,92.16666666666667
2015-02-25,0,0,397.25333333333356,113.33333333333333
2015-02-26,0,0,397.25333333333356,101.66666666666667
2015-02-27,0,0,397.25333333333356,120.5
2015-02-28,0,0,397.7566666666669,158.33333333333334
2015-03-01,0,0,397.7566666666669,169.16666666666666
2015-03-02,0,0,397.7566666666669,127.5
2015-03-03,0,0,397.7566666666669,122.16666666666667
2015-03-04,0,0,397.7566666666669,103.0
2015-03-05,0,0,397.7566666666669,106.33333333333333
2015-03-06,0,0,397.7566666666669,137.16666666666666
2015-03-07,0,0,399.43333333333356,167.33333333333334
2015-03-08,0,0,399.43333333333356,175.83333333333334
2015-03-09,0,0,399.43333333333356,105.5
2015-03-10,0,0,399.43333333333356,100.66666666666667
2015-03-11,0,0,399.43333333333356,106.33333333333333
2015-03-12,0,0,399.43333333333356,102.5
2015-03-13,0,0,399.43333333333356,126.5
2015-03-14,0,0,402.34333333333353,160.66666666666666
2015-03-15,0,0,402.34333333333353,160.83333333333334
2015-03-16,0,0,402.34333333333353,107.0
2015-03-17,0,0,402.34333333333353,114.16666666666667
2015-03-18,0,0,402.34333333333353,110.0
2015-03-19,0,0,402.34333333333353,94.66666666666667
2015-03-20,0,0,402.34333333333353,122.16666666666667
2015-03-21,0,0,403.0633333333335,168.0
2015-03-22,0,0,403.0633333333335,176.33333333333334
2015-03-23,0,0,403.0633333333335,93.5
2015-03-24,0,0,403.0633333333335,94.66666666666667
2015-03-25,0,0,403.0633333333335,91.83333333333333
2015-03-26,0,0,403.0633333333335,107.33333333333333
2015-03-27,0,0,403.0633333333335,114.83333333333333
2015-03-28,0,0,404.00500000000017,163.66666666666666
2015-03-29,0,0,404.00500000000017,172.66666666666666
2015-03-30,0,0,404.00500000000017,117.66666666666667
2015-03-31,0,0,404.00500000000017,108.83333333333333
2015-04-01,0,0,404.00500000000017,137.0
2015-04-02,0,0,404.00500000000017,126.0
2015-04-03,0,0,404.00500000000017,173.33333333333334
2015-04-04,0,0,404.00500000000017,196.0
2015-04-05,0,0,404.00500000000017,150.33333333333334
2015-04-06,0,0,404.00500000000017,100.66666666666667
2015-04-07,0,0,404.00500000000017,105.33333333333333
2015-04-08,0,0,404.00500000000017,107.16666666666667
2015-04-09,0,0,404.00500000000017,107.83333333333333
2015-04-10,0,0,404.00500000000017,135.5
2015-04-11,0,0,404.32333333333355,176.16666666666666
2015-04-12,0,0,404.32333333333355,175.0
2015-04-13,0,0,404.32333333333355,104.0
2015-04-14,0,0,404.32333333333355,108.33333333333333
2015-04-15,0,0,404.32333333333355,110.16666666666667
2015-04-16,0,0,404.32333333333355,109.0
2015-04-17,0,0,404.32333333333355,130.0
2015-04-18,0,0,405.1716666666669,157.83333333333334
2015-04-19,0,0,405.1716666666669,154.66666666666666
2015-04-20,0,0,405.1716666666669,118.5
2015-04-21,0,0,405.1716666666669,117.83333333333333
2015-04-22,0,0,405.1716666666669,107.33333333333333
2015-04-23,0,0,405.1716666666669,102.83333333333333
2015-04-24,0,0,405.1716666666669,127.0
2015-04-25,0,0,405.7550000000003,172.0
2015-04-26,0,0,405.7550000000003,185.33333333333334
2015-04-27,0,0,405.7550000000003,118.66666666666667
2015-04-28,0,0,405.7550000000003,105.66666666666667
2015-04-29,0,0,405.7550000000003,114.16666666666667
2015-04-30,0,0,405.7550000000003,110.33333333333333
2015-05-01,0,0,405.7550000000003,164.0
2015-05-02,0,0,406.2466666666669,169.5
2015-05-03,0,0,406.2466666666669,171.16666666666666
2015-05-04,0,0,406.2466666666669,133.83333333333334
2015-05-05,0,0,406.2466666666669,123.16666666666667
2015-05-06,0,0,406.2466666666669,134.16666666666666
2015-05-07,0,0,406.2466666666669,116.5
2015-05-08,0,0,406.2466666666669,131.16666666666666
2015-05-09,0,0,406.0433333333335,166.66666666666666
2015-05-10,0,0,406.0433333333335,134.5
2015-05-11,0,0,406.0433333333335,140.0
2015-05-12,0,0,406.0433333333335,106.5
2015-05-13,0,0,406.0433333333335,112.5
2015-05-14,0,0,406.0433333333335,110.66666666666667
2015-05-15,0,0,406.0433333333335,149.16666666666666
2015-05-16,0,0,406.31333333333356,166.66666666666666
2015-05-17,0,0,406.31333333333356,154.5
2015-05-18,0,0,406.31333333333356,116.5
2015-05-19,0,0,406.31333333333356,104.5
2015-05-20,0,0,406.31333333333356,107.33333333333333
2015-05-21,0,0,406.31333333333356,119.33333333333333
2015-05-22,0,0,406.31333333333356,150.66666666666666
2015-05-23,0,0,412.2050000000002,142.33333333333334
2015-05-24,0,0,412.2050000000002,152.16666666666666
2015-05-25,0,0,412.2050000000002,152.16666666666666
2015-05-26,0,0,412.2050000000002,100.66666666666667
2015-05-27,0,0,412.2050000000002,115.0
2015-05-28,0,0,412.2050000000002,109.16666666666667
2015-05-29,0,0,412.2050000000002,127.33333333333333
2015-05-30,0,0,414.9083333333336,176.5
2015-05-31,0,0,414.9083333333336,168.0
2015-06-01,0,0,414.9083333333336,150.83333333333334
2015-06-02,0,0,414.9083333333336,121.33333333333333
2015-06-03,0,0,414.9083333333336,129.33333333333334
2015-06-04,0,0,414.9083333333336,130.16666666666666
2015-06-05,0,0,414.9083333333336,167.33333333333334
2015-06-06,0,0,418.0083333333336,207.66666666666666
2015-06-07,0,0,418.0083333333336,206.16666666666666
2015-06-08,0,0,418.0083333333336,150.5
2015-06-09,0,0,418.0083333333336,147.0
2015-06-10,0,0,418.0083333333336,154.83333333333334
2015-06-11,0,0,418.0083333333336,143.16666666666666
2015-06-12,0,0,418.0083333333336,164.16666666666666
2015-06-13,0,0,419.2533333333336,207.16666666666666
2015-06-14,0,0,419.2533333333336,211.33333333333334
2015-06-15,0,0,419.2533333333336,153.83333333333334
2015-06-16,0,0,419.2533333333336,138.16666666666666
2015-06-17,0,0,419.2533333333336,142.83333333333334
2015-06-18,0,0,419.2533333333336,137.33333333333334
2015-06-19,0,0,419.2533333333336,174.83333333333334
2015-06-20,0,0,419.89833333333354,196.5
2015-06-21,0,0,419.89833333333354,180.0
2015-06-22,0,0,419.89833333333354,158.83333333333334
2015-06-23,0,0,419.89833333333354,143.83333333333334
2015-06-24,0,0,419.89833333333354,137.0
2015-06-25,0,0,419.89833333333354,148.33333333333334
2015-06-26,0,0,419.89833333333354,146.33333333333334
2015-06-27,0,0,419.6333333333336,187.33333333333334
2015-06-28,0,0,419.6333333333336,202.16666666666666
2015-06-29,0,0,419.6333333333336,129.16666666666666
2015-06-30,0,0,419.6333333333336,134.5
2015-07-01,0,0,419.6333333333336,185.5
2015-07-02,0,0,419.6333333333336,170.33333333333334
2015-07-03,0,0,419.6333333333336,238.16666666666666
2015-07-04,0,0,420.9750000000002,173.5
2015-07-05,0,0,420.9750000000002,193.83333333333334
2015-07-06,0,0,420.9750000000002,180.66666666666666
2015-07-07,0,0,420.9750000000002,145.0
2015-07-08,0,0,420.9750000000002,132.0
2015-07-09,0,0,420.9750000000002,138.16666666666666
2015-07-10,0,0,420.9750000000002,167.5
2015-07-11,0,0,421.0566666666669,225.16666666666666
2015-07-12,0,0,421.0566666666669,209.0
2015-07-13,0,0,421.0566666666669,133.5
2015-07-14,0,0,421.0566666666669,135.5
2015-07-15,0,0,421.0566666666669,129.5
2015-07-16,0,0,421.0566666666669,151.83333333333334
2015-07-17,0,0,421.0566666666669,169.0
2015-07-18,0,0,421.0416666666669,192.83333333333334
2015-07-19,0,0,421.0416666666669,198.66666666666666
2015-07-20,0,0,421.0416666666669,157.33333333333334
2015-07-21,0,0,421.0416666666669,145.5
2015-07-22,0,0,421.0416666666669,142.16666666666666
2015-07-23,0,0,421.0416666666669,138.16666666666666
2015-07-24,0,0,421.0416666666669,171.66666666666666
2015-07-25,0,0,420.74166666666696,183.66666666666666
2015-07-26,0,0,420.74166666666696,205.66666666666666
2015-07-27,0,0,420.74166666666696,171.66666666666666
2015-07-28,0,0,420.74166666666696,157.16666666666666
2015-07-29,0,0,420.74166666666696,157.0
2015-07-30,0,0,420.74166666666696,152.16666666666666
2015-07-31,0,0,420.74166666666696,171.83333333333334
2015-08-01,0,0,420.58500000000026,226.33333333333334
2015-08-02,0,0,420.58500000000026,237.66666666666666
2015-08-03,0,0,420.58500000000026,181.83333333333334
2015-08-04,0,0,420.58500000000026,152.5
2015-08-05,0,0,420.58500000000026,150.5
2015-08-06,0,0,420.58500000000026,152.83333333333334
2015-08-07,0,0,420.58500000000026,177.66666666666666
2015-08-08,0,0,420.58500000000026,212.33333333333334
2015-08-09,0,0,420.58500000000026,233.33333333333334
2015-08-10,0,0,420.58500000000026,179.0
2015-08-11,0,0,420.58500000000026,160.83333333333334
2015-08-12,0,0,420.58500000000026,153.16666666666666
2015-08-13,0,0,420.58500000000026,134.33333333333334
2015-08-14,0,0,420.58500000000026,176.0
2015-08-15,0,0,420.5916666666669,224.33333333333334
2015-08-16,0,0,420.5916666666669,248.33333333333334
2015-08-17,0,0,420.5916666666669,143.0
2015-08-18,0,0,420.5916666666669,132.66666666666666
2015-08-19,0,0,420.5916666666669,144.5
2015-08-20,0,0,420.5916666666669,132.5
2015-08-21,0,0,420.5916666666669,162.66666666666666
2015-08-22,0,0,422.54833333333363,201.5
2015-08-23,0,0,422.54833333333363,242.83333333333334
2015-08-24,0,0,422.54833333333363,135.83333333333334
2015-08-25,0,0,422.54833333333363,125.5
2015-08-26,0,0,422.54833333333363,131.66666666666666
2015-08-27,0,0,422.54833333333363,136.5
2015-08-28,0,0,422.54833333333363,161.0
2015-08-29,0,0,422.93833333333356,222.16666666666666
2015-08-30,0,0,422.93833333333356,223.83333333333334
2015-08-31,0,0,422.93833333333356,133.0
2015-09-01,0,0,422.93833333333356,133.66666666666666
2015-09-02,0,0,422.93833333333356,145.0
2015-09-03,0,0,422.93833333333356,143.66666666666666
2015-09-04,0,0,422.93833333333356,174.33333333333334
2015-09-05,0,0,422.9633333333336,199.0
2015-09-06,0,0,422.9633333333336,200.16666666666666
2015-09-07,0,0,422.9633333333336,200.66666666666666
2015-09-08,0,0,422.9633333333336,137.0
2015-09-09,0,0,422.9633333333336,145.0
2015-09-10,0,0,422.9633333333336,141.0
2015-09-11,0,0,422.9633333333336,152.16666666666666
2015-09-12,0,0,423.0383333333336,212.66666666666666
2015-09-13,0,0,423.0383333333336,236.33333333333334
2015-09-14,0,0,423.0383333333336,132.5
2015-09-15,0,0,423.0383333333336,139.16666666666666
2015-09-16,0,0,423.0383333333336,121.0
2015-09-17,0,0,423.0383333333336,135.83333333333334
2015-09-18,0,0,423.0383333333336,171.16666666666666
2015-09-19,0,0,423.0383333333336,212.16666666666666
2015-09-20,0,0,423.0383333333336,227.83333333333334
2015-09-21,0,0,423.0383333333336,160.83333333333334
2015-09-22,0,0,423.0383333333336,136.5
2015-09-23,0,0,423.0383333333336,123.66666666666667
2015-09-24,0,0,423.0383333333336,134.16666666666666
2015-09-25,0,0,423.0383333333336,166.0
2015-09-26,0,0,423.4550000000002,214.16666666666666
2015-09-27,0,0,423.4550000000002,210.0
2015-09-28,0,0,423.4550000000002,152.5
2015-09-29,0,0,423.4550000000002,127.5
2015-09-30,0,0,423.4550000000002,111.33333333333333
2015-10-01,0,0,423.4550000000002,146.5
2015-10-02,0,0,423.4550000000002,204.0
2015-10-03,0,0,423.4550000000002,257.3333333333333
2015-10-04,0,0,423.4550000000002,237.16666666666666
2015-10-05,0,0,423.4550000000002,157.5
2015-10-06,0,0,423.4550000000002,152.66666666666666
2015-10-07,0,0,423.4550000000002,125.83333333333333
2015-10-08,0,0,423.4550000000002,131.33333333333334
2015-10-09,0,0,423.4550000000002,166.66666666666666
2015-10-10,0,0,423.4883333333336,215.83333333333334
2015-10-11,0,0,423.4883333333336,208.5
2015-10-12,0,0,423.4883333333336,166.83333333333334
2015-10-13,0,0,423.4883333333336,146.33333333333334
2015-10-14,0,0,423.4883333333336,119.83333333333333
2015-10-15,0,0,423.4883333333336,121.66666666666667
2015-10-16,0,0,423.4883333333336,168.5
2015-10-17,0,0,423.4950000000002,210.83333333333334
2015-10-18,0,0,423.4950000000002,211.0
2015-10-19,0,0,423.4950000000002,135.66666666666666
2015-10-20,0,0,423.4950000000002,131.83333333333334
2015-10-21,0,0,423.4950000000002,120.5
2015-10-22,0,0,423.4950000000002,122.5
2015-10-23,0,0,423.4950000000002,159.0
2015-10-24,0,0,423.49000000000024,193.66666666666666
2015-10-25,0,0,423.49000000000024,209.5
2015-10-26,0,0,423.49000000000024,138.0
2015-10-27,0,0,423.49000000000024,129.33333333333334
2015-10-28,0,0,423.49000000000024,111.5
2015-10-29,0,0,423.49000000000024,113.5
2015-10-30,0,0,423.49000000000024,156.33333333333334
2015-10-31,1,0,423.6566666666669,192.0
2015-11-01,0,0,423.6566666666669,183.83333333333334
2015-11-02,0,0,423.6566666666669,115.5
2015-11-03,0,0,423.6566666666669,127.83333333333333
2015-11-04,0,0,423.6566666666669,131.83333333333334
2015-11-05,0,0,423.6566666666669,119.16666666666667
2015-11-06,0,0,423.6566666666669,146.5
2015-11-07,0,0,426.7950000000003,196.16666666666666
2015-11-08,0,0,426.7950000000003,187.0
2015-11-09,0,0,426.7950000000003,119.0
2015-11-10,0,0,426.7950000000003,131.83333333333334
2015-11-11,0,0,426.7950000000003,119.5
2015-11-12,0,0,426.7950000000003,121.66666666666667
2015-11-13,0,0,426.7950000000003,135.66666666666666
2015-11-14,0,0,427.10666666666697,190.66666666666666
2015-11-15,0,0,427.10666666666697,182.66666666666666
2015-11-16,0,0,427.10666666666697,119.16666666666667
2015-11-17,0,0,427.10666666666697,109.16666666666667
2015-11-18,0,0,427.10666666666697,116.83333333333333
2015-11-19,0,0,427.10666666666697,108.33333333333333
2015-11-20,0,0,427.10666666666697,145.33333333333334
2015-11-21,0,0,427.1200000000003,191.66666666666666
2015-11-22,0,0,427.1200000000003,176.0
2015-11-23,0,0,427.1200000000003,147.0
2015-11-24,0,0,427.1200000000003,130.66666666666666
2015-11-25,0,0,427.1200000000003,175.66666666666666
2015-11-26,0,0,427.1200000000003,84.5
2015-11-27,0,0,427.1200000000003,119.33333333333333
2015-11-28,0,0,427.146666666667,154.5
2015-11-29,0,0,427.146666666667,168.66666666666666
2015-11-30,0,0,427.146666666667,130.33333333333334
2015-12-01,0,0,427.146666666667,140.33333333333334
2015-12-02,0,0,427.146666666667,126.0
2015-12-03,0,0,427.146666666667,116.16666666666667
2015-12-04,0,0,427.146666666667,153.83333333333334
2015-12-05,0,0,427.17333333333363,220.83333333333334
2015-12-06,0,0,427.17333333333363,221.16666666666666
2015-12-07,0,0,427.17333333333363,127.33333333333333
2015-12-08,0,0,427.17333333333363,124.16666666666667
2015-12-09,0,0,427.17333333333363,129.5
2015-12-10,0,0,427.17333333333363,118.0
2015-12-11,0,0,427.17333333333363,125.16666666666667
2015-12-12,0,0,427.17333333333363,180.33333333333334
2015-12-13,0,0,427.17333333333363,196.0
2015-12-14,0,0,427.17333333333363,142.5
2015-12-15,0,0,427.17333333333363,134.33333333333334
2015-12-16,0,0,427.17333333333363,134.5
2015-12-17,0,0,427.17333333333363,127.66666666666667
2015-12-18,0,0,427.17333333333363,133.33333333333334
2015-12-19,0,0,427.17333333333363,227.16666666666666
2015-12-20,0,0,427.17333333333363,174.0
2015-12-21,0,0,427.17333333333363,147.33333333333334
2015-12-22,0,0,427.17333333333363,142.5
2015-12-23,0,0,427.17333333333363,185.5
2015-12-24,0,0,427.17333333333363,142.33333333333334
2015-12-26,0,0,427.20666666666693,150.33333333333334
2015-12-27,0,0,427.20666666666693,151.66666666666666
2015-12-28,0,0,427.20666666666693,135.16666666666666
2015-12-29,0,0,427.20666666666693,137.33333333333334
2015-12-30,0,0,427.20666666666693,144.5
2015-12-31,0,0,427.20666666666693,148.66666666666666
2016-01-01,0,0,427.20666666666693,144.5
2016-01-02,0,0,427.18666666666695,173.0
2016-01-03,0,0,427.18666666666695,187.33333333333334
2016-01-04,0,0,427.18666666666695,146.33333333333334
2016-01-05,0,0,427.18666666666695,134.5
2016-01-06,0,0,427.18666666666695,115.66666666666667
2016-01-07,0,0,427.18666666666695,141.33333333333334
2016-01-08,0,0,427.18666666666695,174.5
2016-01-09,0,0,427.3683333333336,238.66666666666666
2016-01-10,0,0,427.3683333333336,219.16666666666666
2016-01-11,0,0,427.3683333333336,145.16666666666666
2016-01-12,0,0,427.3683333333336,133.33333333333334
2016-01-13,0,0,427.3683333333336,104.5
2016-01-14,0,0,427.3683333333336,120.0
2016-01-15,0,0,427.3683333333336,157.66666666666666
2016-01-16,0,0,428.0350000000003,221.83333333333334
2016-01-17,0,0,428.0350000000003,198.16666666666666
2016-01-18,0,0,428.0350000000003,164.5
2016-01-19,0,0,428.0350000000003,118.66666666666667
2016-01-20,0,0,428.0350000000003,124.0
2016-01-21,0,0,428.0350000000003,129.0
2016-01-22,0,0,428.0350000000003,134.83333333333334
2016-01-23,0,0,428.0350000000003,216.83333333333334
2016-01-24,0,0,428.0350000000003,196.16666666666666
2016-01-25,0,0,428.0350000000003,137.33333333333334
2016-01-26,0,0,428.0350000000003,133.33333333333334
2016-01-27,0,0,428.0350000000003,113.16666666666667
2016-01-28,0,0,428.0350000000003,128.33333333333334
2016-01-29,0,0,428.0350000000003,145.33333333333334
2016-01-30,0,0,427.741666666667,214.5
2016-01-31,0,0,427.741666666667,219.0
2016-02-01,0,0,427.741666666667,153.0
2016-02-02,0,0,427.741666666667,123.83333333333333
2016-02-03,0,0,427.741666666667,139.33333333333334
2016-02-04,0,0,427.741666666667,145.16666666666666
2016-02-05,0,0,427.741666666667,163.33333333333334
2016-02-06,0,0,427.466666666667,240.66666666666666
2016-02-07,0,1,427.466666666667,180.33333333333334
2016-02-08,0,0,427.466666666667,137.66666666666666
2016-02-09,0,0,427.466666666667,125.33333333333333
2016-02-10,0,0,427.466666666667,142.66666666666666
2016-02-11,0,0,427.466666666667,141.83333333333334
2016-02-12,0,0,427.466666666667,156.33333333333334
2016-02-13,0,0,427.28000000000037,214.83333333333334
2016-02-14,0,0,427.28000000000037,187.5
2016-02-15,0,0,427.28000000000037,187.83333333333334
2016-02-16,0,0,427.28000000000037,125.5
2016-02-17,0,0,427.28000000000037,137.16666666666666
2016-02-18,0,0,427.28000000000037,149.0
2016-02-19,0,0,427.28000000000037,165.16666666666666
2016-02-20,0,0,426.91666666666697,194.33333333333334
2016-02-21,0,0,426.91666666666697,218.5
2016-02-22,0,0,426.91666666666697,154.5
2016-02-23,0,0,426.91666666666697,124.33333333333333
2016-02-24,0,0,426.91666666666697,125.83333333333333
2016-02-25,0,0,426.91666666666697,124.83333333333333
2016-02-26,0,0,426.91666666666697,157.16666666666666
2016-02-27,0,0,426.466666666667,207.33333333333334
2016-02-28,0,0,426.466666666667,224.5
2016-02-29,0,0,426.466666666667,128.83333333333334
2016-03-01,0,0,426.466666666667,149.0
2016-03-02,0,0,426.466666666667,130.16666666666666
2016-03-03,0,0,426.466666666667,136.83333333333334
2016-03-04,0,0,426.466666666667,143.83333333333334
2016-03-05,0,0,426.63666666666705,211.16666666666666
2016-03-06,0,0,426.63666666666705,248.16666666666666
2016-03-07,0,0,426.63666666666705,161.5
2016-03-08,0,0,426.63666666666705,144.83333333333334
2016-03-09,0,0,426.63666666666705,141.83333333333334
2016-03-10,0,0,426.63666666666705,151.66666666666666
2016-03-11,0,0,426.63666666666705,153.0
2016-03-12,0,0,426.7766666666671,215.16666666666666
2016-03-13,0,0,426.7766666666671,216.66666666666666
2016-03-14,0,0,426.7766666666671,158.16666666666666
2016-03-15,0,0,426.7766666666671,136.83333333333334
2016-03-16,0,0,426.7766666666671,135.16666666666666
2016-03-17,0,0,426.7766666666671,142.0
2016-03-18,0,0,426.7766666666671,169.5
2016-03-19,0,0,426.6966666666671,169.16666666666666
2016-03-20,0,0,426.6966666666671,178.33333333333334
2016-03-21,0,0,426.6966666666671,145.83333333333334
2016-03-22,0,0,426.6966666666671,148.83333333333334
2016-03-23,0,0,426.6966666666671,135.0
2016-03-24,0,0,426.6966666666671,130.66666666666666
2016-03-25,0,0,426.6966666666671,184.0
2016-03-26,0,0,426.3233333333337,237.5
2016-03-27,0,0,426.3233333333337,216.33333333333334
2016-03-28,0,0,426.3233333333337,143.83333333333334
2016-03-29,0,0,426.3233333333337,156.16666666666666
2016-03-30,0,0,426.3233333333337,139.5
2016-03-31,0,0,426.3233333333337,145.5
2016-04-01,0,0,426.3233333333337,175.33333333333334
2016-04-02,0,0,426.2733333333337,238.0
2016-04-03,0,0,426.2733333333337,253.83333333333334
2016-04-04,0,0,426.2733333333337,166.5
2016-04-05,0,0,426.2733333333337,141.83333333333334
2016-04-06,0,0,426.2733333333337,132.83333333333334
2016-04-07,0,0,426.2733333333337,140.83333333333334
2016-04-08,0,0,426.2733333333337,172.0
2016-04-09,0,0,426.1400000000004,216.66666666666666
2016-04-10,0,0,426.1400000000004,210.16666666666666
2016-04-11,0,0,426.1400000000004,154.16666666666666
2016-04-12,0,0,426.1400000000004,126.33333333333333
2016-04-13,0,0,426.1400000000004,121.0
2016-04-14,0,0,426.1400000000004,137.5
2016-04-15,0,0,426.1400000000004,154.5
2016-04-16,0,0,426.1733333333338,205.16666666666666
2016-04-17,0,0,426.1733333333338,222.33333333333334
2016-04-18,0,0,426.1733333333338,146.33333333333334
2016-04-19,0,0,426.1733333333338,136.66666666666666
2016-04-20,0,0,426.1733333333338,132.83333333333334
2016-04-21,0,0,426.1733333333338,147.0
2016-04-22,0,0,426.1733333333338,165.83333333333334
2016-04-23,0,0,426.35333333333375,204.66666666666666
2016-04-24,0,0,426.35333333333375,229.66666666666666
2016-04-25,0,0,426.35333333333375,166.16666666666666
2016-04-26,0,0,426.35333333333375,141.0
2016-04-27,0,0,426.35333333333375,137.0
2016-04-28,0,0,426.35333333333375,148.66666666666666
2016-04-29,0,0,426.35333333333375,179.66666666666666
2016-04-30,0,0,426.0733333333337,235.83333333333334
2016-05-01,0,0,426.0733333333337,234.33333333333334
2016-05-02,0,0,426.0733333333337,159.66666666666666
2016-05-03,0,0,426.0733333333337,168.5
2016-05-04,0,0,426.0733333333337,157.16666666666666
2016-05-05,0,0,426.0733333333337,135.66666666666666
2016-05-06,0,0,426.0733333333337,191.5
2016-05-07,0,0,425.9866666666671,230.66666666666666
2016-05-08,0,0,425.9866666666671,208.5
2016-05-09,0,0,425.9866666666671,178.0
2016-05-10,0,0,425.9866666666671,158.66666666666666
2016-05-11,0,0,425.9866666666671,145.5
2016-05-12,0,0,425.9866666666671,158.33333333333334
2016-05-13,0,0,425.9866666666671,179.33333333333334
2016-05-14,0,0,426.4433333333338,245.0
2016-05-15,0,0,426.4433333333338,256.3333333333333
2016-05-16,0,0,426.4433333333338,170.16666666666666
2016-05-17,0,0,426.4433333333338,148.0
2016-05-18,0,0,426.4433333333338,164.5
2016-05-19,0,0,426.4433333333338,156.33333333333334
2016-05-20,0,0,426.4433333333338,173.66666666666666
2016-05-21,0,0,426.431666666667,241.66666666666666
2016-05-22,0,0,426.431666666667,262.5
